OTU_71,,Arthropoda,phylum,1,Maxillopoda,class,1,Sessilia,order,1,Balanidae,family,1,Balanus,genus,1,Balanus trigonus,species,1
OTU_80,,Arthropoda,phylum,1,Maxillopoda,class,1,Sessilia,order,1,Balanidae,family,1,Balanus,genus,1,Balanus trigonus,species,1
OTU_105,,Arthropoda,phylum,1,Maxillopoda,class,1,Calanoida,order,1,Acartiidae,family,1,Acartia,genus,1,Acartia omorii,species,1
OTU_119,,Arthropoda,phylum,1,Branchiopoda,class,1,Diplostraca,order,1,Podonidae,family,1,Pleopis,genus,1,Pleopis polyphemoides,species,1
OTU_149,,Cnidaria,phylum,1,Hydrozoa,class,1,Leptothecata,order,1,Campanulariidae,family,1,Obelia,genus,0.98,Obelia geniculata,species,0.84
OTU_150,,Mollusca,phylum,1,Bivalvia,class,1,Mytiloida,order,1,Mytilidae,family,1,Mytilus,genus,1,Mytilus edulis,species,1
OTU_156,,Arthropoda,phylum,1,Maxillopoda,class,1,Sessilia,order,1,Balanidae,family,1,Balanus,genus,1,Balanus trigonus,species,1
OTU_172,,Cnidaria,phylum,1,Hydrozoa,class,1,Anthoathecata,order,1,Corymorphidae,family,1,Corymorpha,genus,1,Corymorpha bigelowi,species,0.99
OTU_173,,Arthropoda,phylum,1,Maxillopoda,class,1,Sessilia,order,1,Balanidae,family,1,Balanus,genus,1,Balanus trigonus,species,1
OTU_209,,Nemertea,phylum,1,Enopla,class,1,Monostilifera,order,1,Emplectonematidae,family,1,Emplectonema,genus,1,Emplectonema gracile,species,1
OTU_216,,Mollusca,phylum,1,Bivalvia,class,1,Mytiloida,order,1,Mytilidae,family,1,Mytilus,genus,1,Mytilus edulis,species,1
OTU_218,,Chordata,phylum,1,Ascidiacea,class,1,Enterogona,order,1,Ascidiidae,family,1,Ascidia,genus,1,Ascidia ahodori,species,1
OTU_266,,Arthropoda,phylum,1,Maxillopoda,class,1,Calanoida,order,1,Paracalanidae,family,1,Paracalanus,genus,0.99,Paracalanus parvus,species,0.99
OTU_281,,Arthropoda,phylum,1,Maxillopoda,class,1,Sessilia,order,1,Balanidae,family,1,Balanus,genus,1,Balanus trigonus,species,1
OTU_285,,Arthropoda,phylum,1,Maxillopoda,class,1,Sessilia,order,1,Balanidae,family,1,Balanus,genus,1,Balanus trigonus,species,1
OTU_309,,Nemertea,phylum,1,Anopla,class,1,Heteronemertea,order,1,Lineidae,family,1,Riseriellus,genus,1,Riseriellus occultus,species,1
OTU_352,,Arthropoda,phylum,1,Maxillopoda,class,1,Sessilia,order,1,Balanidae,family,1,Balanus,genus,1,Balanus glandula,species,1
OTU_404,,Arthropoda,phylum,1,Maxillopoda,class,1,Sessilia,order,1,Balanidae,family,1,Balanus,genus,1,Balanus trigonus,species,1
OTU_410,,Arthropoda,phylum,1,Maxillopoda,class,1,Sessilia,order,1,Balanidae,family,1,Balanus,genus,1,Balanus trigonus,species,1
OTU_436,,Arthropoda,phylum,1,Maxillopoda,class,1,Calanoida,order,1,Calanidae,family,1,Ctenocalanus,genus,1,Ctenocalanus citer,species,1
OTU_446,,Cnidaria,phylum,1,Anthozoa,class,1,Pennatulacea,order,0.56,Anthoptilidae,family,0.42,Anthoptilum,genus,0.42,Anthoptilum grandiflorum,species,0.42
OTU_476,,Echinodermata,phylum,1,Echinoidea,class,1,Echinoida,order,1,Echinidae,family,1,Parechinus,genus,1,Parechinus angulosus,species,1
OTU_535,,Arthropoda,phylum,1,Maxillopoda,class,1,Sessilia,order,1,Balanidae,family,1,Balanus,genus,1,Balanus glandula,species,1
OTU_540,,Mollusca,phylum,1,Bivalvia,class,1,Mytiloida,order,1,Mytilidae,family,1,Mytilus,genus,1,Mytilus edulis,species,1
OTU_542,,Porifera,phylum,1,Demospongiae,class,1,Halichondrida,order,1,Hymeniacidonidae,family,1,Hymeniacidon,genus,1,Hymeniacidon perlevis,species,0.81
OTU_551,,Chordata,phylum,1,Ascidiacea,class,1,Enterogona,order,1,Ascidiidae,family,1,Ascidia,genus,1,Ascidia ahodori,species,1
OTU_584,,Bryozoa,phylum,1,Gymnolaemata,class,1,Cheilostomatida,order,1,Bugulidae,family,1,Bugula,genus,1,Bugula stolonifera,species,1
OTU_598,,Arthropoda,phylum,1,Maxillopoda,class,1,Sessilia,order,1,Balanidae,family,1,Balanus,genus,1,Balanus trigonus,species,1
OTU_615,,Arthropoda,phylum,1,Maxillopoda,class,1,Sessilia,order,1,Balanidae,family,1,Amphibalanus,genus,1,Amphibalanus amphitrite,species,1
OTU_635,,Chordata,phylum,1,Ascidiacea,class,1,Enterogona,order,1,Ascidiidae,family,1,Ascidia,genus,1,Ascidia ahodori,species,1
OTU_676,,Arthropoda,phylum,1,Maxillopoda,class,1,Sessilia,order,1,Balanidae,family,1,Amphibalanus,genus,1,Amphibalanus amphitrite,species,1
OTU_679,,Arthropoda,phylum,1,Maxillopoda,class,1,Sessilia,order,1,Balanidae,family,1,Balanus,genus,1,Balanus trigonus,species,1
OTU_691,,Arthropoda,phylum,1,Maxillopoda,class,1,Sessilia,order,1,Balanidae,family,1,Balanus,genus,1,Balanus trigonus,species,1
OTU_749,,Mollusca,phylum,1,Gastropoda,class,1,,,,Assimineidae,family,1,Assiminea,genus,1,Assiminea capensis,species,1
OTU_761,,Nematoda,phylum,1,Chromadorea,class,1,Tylenchida,order,0.28,Aphelenchoididae,family,0.28,Bursaphelenchus,genus,0.25,Bursaphelenchus abruptus,species,0.23
OTU_814,,Echinodermata,phylum,1,Echinoidea,class,1,Echinoida,order,1,Echinidae,family,1,Parechinus,genus,1,Parechinus angulosus,species,1
OTU_821,,Mollusca,phylum,1,Bivalvia,class,1,Mytiloida,order,1,Mytilidae,family,1,Perna,genus,1,Perna perna,species,0.99
OTU_836,,Arthropoda,phylum,1,Maxillopoda,class,1,Sessilia,order,1,Balanidae,family,1,Balanus,genus,1,Balanus trigonus,species,1
OTU_843,,Mollusca,phylum,1,Bivalvia,class,1,Mytiloida,order,1,Mytilidae,family,1,Mytilus,genus,1,Mytilus edulis,species,1
OTU_883,,Echinodermata,phylum,1,Echinoidea,class,1,Echinoida,order,1,Echinidae,family,1,Parechinus,genus,1,Parechinus angulosus,species,1
OTU_889,,Arthropoda,phylum,1,Maxillopoda,class,1,Calanoida,order,1,Paracalanidae,family,1,Paracalanus,genus,1,Paracalanus indicus,species,1
OTU_894,,Mollusca,phylum,1,Bivalvia,class,1,Ostreoida,order,1,Ostreidae,family,1,Ostrea,genus,1,Ostrea stentina,species,1
OTU_1008,,Echinodermata,phylum,1,Crinoidea,class,1,Comatulida,order,1,Comatulidae,family,0.98,Clarkcomanthus,genus,0.69,Clarkcomanthus littoralis,species,0.44
OTU_1033,,Porifera,phylum,1,Demospongiae,class,1,Hadromerida,order,0.98,Suberitidae,family,0.98,Plicatellopsis,genus,0.82,Plicatellopsis fragilis,species,0.69
OTU_1111,,Porifera,phylum,1,Demospongiae,class,1,Haplosclerida,order,1,Chalinidae,family,0.54,Haliclona,genus,0.54,Haliclona implexiformis,species,0.51
OTU_1185,,Cnidaria,phylum,1,Anthozoa,class,1,Actiniaria,order,1,Actiniidae,family,0.86,Anthopleura,genus,0.72,Anthopleura elegantissima,species,0.72
OTU_1228,,Mollusca,phylum,1,Bivalvia,class,1,Mytiloida,order,1,Mytilidae,family,1,Mytilus,genus,1,Mytilus galloprovincialis,species,1
OTU_1246,,Arthropoda,phylum,1,Maxillopoda,class,1,Calanoida,order,1,Centropagidae,family,1,Centropages,genus,1,Centropages tenuiremis,species,1
OTU_1290,,Mollusca,phylum,1,Bivalvia,class,1,Mytiloida,order,1,Mytilidae,family,1,Mytilus,genus,1,Mytilus edulis,species,1
OTU_1371,,Mollusca,phylum,1,Gastropoda,class,1,,,,Assimineidae,family,1,Assiminea,genus,1,Assiminea capensis,species,1
OTU_1419,,Mollusca,phylum,1,Gastropoda,class,1,,,,Haminoeidae,family,1,Haminoea,genus,1,Haminoea alfredensis,species,1
OTU_1440,,Chordata,phylum,1,Ascidiacea,class,1,Stolidobranchia,order,1,Styelidae,family,1,Botrylloides,genus,1,Botrylloides leachii,species,1
OTU_1507,,Chordata,phylum,1,Ascidiacea,class,1,Stolidobranchia,order,1,Pyuridae,family,1,Microcosmus,genus,1,Microcosmus squamiger,species,1
OTU_1555,,Mollusca,phylum,1,Bivalvia,class,1,Ostreoida,order,1,Ostreidae,family,1,Ostrea,genus,1,Ostrea stentina,species,1
OTU_1572,,Chordata,phylum,1,Ascidiacea,class,1,Stolidobranchia,order,1,Styelidae,family,1,Styela,genus,1,Styela plicata,species,1
OTU_1588,,Mollusca,phylum,1,Bivalvia,class,1,Mytiloida,order,1,Mytilidae,family,1,Mytilus,genus,1,Mytilus edulis,species,1
OTU_1656,,Mollusca,phylum,1,Bivalvia,class,1,Mytiloida,order,1,Mytilidae,family,1,Mytilus,genus,1,Mytilus edulis,species,1
OTU_1679,,Chordata,phylum,1,Ascidiacea,class,1,Stolidobranchia,order,1,Styelidae,family,1,Botrylloides,genus,1,Botrylloides leachii,species,1
OTU_1683,,Cnidaria,phylum,1,Hydrozoa,class,0.99,Leptothecata,order,0.84,Campanulariidae,family,0.82,Obelia,genus,0.42,Obelia dichotoma,species,0.34
OTU_1698,,Cnidaria,phylum,1,Hydrozoa,class,0.99,Leptothecata,order,0.91,Campanulariidae,family,0.88,Obelia,genus,0.66,Obelia dichotoma,species,0.65
OTU_1718,,Chordata,phylum,1,Ascidiacea,class,1,Stolidobranchia,order,1,Pyuridae,family,1,Pyura,genus,1,Pyura stolonifera,species,1
OTU_1764,,Cnidaria,phylum,1,Hydrozoa,class,1,Leptothecata,order,1,Campanulariidae,family,1,Eucheilota,genus,1,Eucheilota maculata,species,1
OTU_1898,,Mollusca,phylum,1,Bivalvia,class,1,Mytiloida,order,1,Mytilidae,family,1,Aulacomya,genus,1,Aulacomya atra,species,1
OTU_1922,,Cnidaria,phylum,1,Hydrozoa,class,1,Leptothecata,order,0.98,Campanulariidae,family,0.98,Obelia,genus,0.88,Obelia dichotoma,species,0.87
OTU_1938,,Porifera,phylum,1,Demospongiae,class,1,Hadromerida,order,0.89,Suberitidae,family,0.89,Pseudosuberites,genus,0.87,Pseudosuberites nudus,species,0.87
OTU_1943,,Porifera,phylum,1,Demospongiae,class,1,Dendroceratida,order,1,Dictyodendrillidae,family,0.51,Igernella,genus,0.51,Igernella notabilis,species,0.51
OTU_1947,,Mollusca,phylum,1,Bivalvia,class,1,Mytiloida,order,1,Mytilidae,family,1,Perna,genus,1,Perna perna,species,0.93
OTU_2017,,Mollusca,phylum,1,Gastropoda,class,1,Nudibranchia,order,1,Dotidae,family,1,Doto,genus,1,Doto coronata,species,1
OTU_2026,,Porifera,phylum,1,Homoscleromorpha,class,1,Homosclerophorida,order,1,Plakinidae,family,1,Oscarella,genus,0.9,Oscarella malakhovi,species,0.58
OTU_2031,,Cnidaria,phylum,1,Hydrozoa,class,1,Siphonophorae,order,0.33,Apolemiidae,family,0.26,Apolemia,genus,0.26,Apolemia rubriversa,species,0.21
OTU_2033,,Porifera,phylum,1,Demospongiae,class,1,Haplosclerida,order,1,Chalinidae,family,0.92,Haliclona,genus,0.92,Haliclona implexiformis,species,0.55
OTU_2040,,Arthropoda,phylum,1,Maxillopoda,class,1,Calanoida,order,1,Paracalanidae,family,1,Paracalanus,genus,1,Paracalanus indicus,species,1
OTU_2057,,Mollusca,phylum,1,Gastropoda,class,1,,,,Siphonariidae,family,1,Siphonaria,genus,1,Siphonaria capensis,species,1
OTU_2065,,Mollusca,phylum,1,Gastropoda,class,1,,,,Assimineidae,family,1,Assiminea,genus,1,Assiminea capensis,species,1
OTU_2092,,Cnidaria,phylum,1,Hydrozoa,class,1,Leptothecata,order,1,Plumulariidae,family,1,Plumularia,genus,1,Plumularia gaimardi,species,1
OTU_2128,,Arthropoda,phylum,1,Maxillopoda,class,1,Sessilia,order,1,Balanidae,family,1,Balanus,genus,1,Balanus trigonus,species,1
OTU_2136,,Echinodermata,phylum,1,Asteroidea,class,1,Valvatida,order,1,Asterinidae,family,1,Parvulastra,genus,1,Parvulastra exigua,species,1
OTU_2171,,Chordata,phylum,1,Actinopteri,class,1,Scombriformes,order,1,Scombridae,family,1,Thunnus,genus,1,Thunnus orientalis,species,0.73
OTU_2205,,Porifera,phylum,1,Demospongiae,class,1,Poecilosclerida,order,1,Coelosphaeridae,family,0.99,Lissodendoryx,genus,0.99,Lissodendoryx sigmata,species,0.99
OTU_2210,,Chordata,phylum,1,Ascidiacea,class,1,Stolidobranchia,order,1,Styelidae,family,1,Styela,genus,1,Styela plicata,species,1
OTU_2289,,Cnidaria,phylum,1,Hydrozoa,class,0.99,Leptothecata,order,0.77,Campanulariidae,family,0.69,Orthopyxis,genus,0.38,Orthopyxis integra,species,0.38
OTU_2313,,Cnidaria,phylum,1,Hydrozoa,class,1,Leptothecata,order,0.83,Campanulariidae,family,0.81,Clytia,genus,0.55,Clytia linearis,species,0.47
OTU_2325,,Mollusca,phylum,1,Bivalvia,class,1,Ostreoida,order,1,Ostreidae,family,1,Ostrea,genus,1,Ostrea stentina,species,1
OTU_2329,,Nematoda,phylum,1,Chromadorea,class,1,Rhabditida,order,1,Rhabditidae,family,1,Caenorhabditis,genus,1,Caenorhabditis brenneri,species,1
OTU_2345,,Annelida,phylum,1,Polychaeta,class,1,Eunicida,order,1,Onuphidae,family,1,Diopatra,genus,1,Diopatra dentata,species,0.95
OTU_2366,,Porifera,phylum,1,Demospongiae,class,1,Halichondrida,order,1,Halichondriidae,family,1,Halichondria,genus,1,Halichondria panicea,species,1
OTU_2375,,Cnidaria,phylum,1,Hydrozoa,class,1,Leptothecata,order,1,Plumulariidae,family,0.98,Plumularia,genus,0.98,Plumularia setacea,species,0.91
OTU_2469,,Chordata,phylum,1,Ascidiacea,class,1,Enterogona,order,1,Ascidiidae,family,1,Ascidiella,genus,1,Ascidiella aspersa,species,1
OTU_2499,,Chordata,phylum,1,Actinopteri,class,1,Clupeiformes,order,1,Clupeidae,family,1,Gilchristella,genus,1,Gilchristella aestuaria,species,1
OTU_2521,,Cnidaria,phylum,1,Hydrozoa,class,0.99,Anthoathecata,order,0.33,Hydractiniidae,family,0.27,Clava,genus,0.26,Clava multicornis,species,0.26
OTU_2536,,Chordata,phylum,1,Ascidiacea,class,1,Stolidobranchia,order,1,Styelidae,family,1,Polyandrocarpa,genus,1,Polyandrocarpa zorritensis,species,1
OTU_2568,,Porifera,phylum,1,Demospongiae,class,1,Haplosclerida,order,1,Chalinidae,family,1,Haliclona,genus,1,Haliclona implexiformis,species,0.79
OTU_2600,,Echinodermata,phylum,1,Echinoidea,class,1,Echinoida,order,1,Echinidae,family,1,Parechinus,genus,1,Parechinus angulosus,species,1
OTU_2602,,Cnidaria,phylum,1,Hydrozoa,class,1,Leptothecata,order,1,Plumulariidae,family,1,Plumularia,genus,1,Plumularia gaimardi,species,1
OTU_2618,,Echinodermata,phylum,1,Asteroidea,class,1,Valvatida,order,1,Asterinidae,family,1,Parvulastra,genus,1,Parvulastra exigua,species,1
OTU_2672,,Mollusca,phylum,1,Bivalvia,class,1,Mytiloida,order,1,Mytilidae,family,1,Perna,genus,1,Perna perna,species,0.88
OTU_2693,,Arthropoda,phylum,1,Maxillopoda,class,0.99,Calanoida,order,0.99,Paracalanidae,family,0.98,Paracalanus,genus,0.97,Paracalanus parvus,species,0.97
OTU_2716,,Mollusca,phylum,1,Bivalvia,class,1,Mytiloida,order,1,Mytilidae,family,1,Semimytilus,genus,1,Semimytilus algosus,species,1
OTU_2749,,Chordata,phylum,1,Actinopteri,class,1,Gadiformes,order,1,Merlucciidae,family,1,Merluccius,genus,1,Merluccius capensis,species,1
OTU_2791,,Arthropoda,phylum,1,Maxillopoda,class,1,Calanoida,order,1,Temoridae,family,1,Temora,genus,1,Temora turbinata,species,1
OTU_2850,,Arthropoda,phylum,1,Insecta,class,1,Diptera,order,1,Chironomidae,family,1,Chironomus,genus,1,Chironomus transvaalensis,species,1
OTU_2884,,Chordata,phylum,1,Ascidiacea,class,1,Stolidobranchia,order,1,Pyuridae,family,1,Microcosmus,genus,1,Microcosmus squamiger,species,1
OTU_2885,,Annelida,phylum,1,Polychaeta,class,1,Eunicida,order,1,Onuphidae,family,1,Diopatra,genus,1,Diopatra aciculata,species,0.94
OTU_2887,,Mollusca,phylum,1,Gastropoda,class,1,,,,Siphonariidae,family,1,Siphonaria,genus,1,Siphonaria serrata,species,1
OTU_2905,,Chordata,phylum,1,Ascidiacea,class,1,Stolidobranchia,order,1,Styelidae,family,1,Botrylloides,genus,1,Botrylloides leachii,species,1
OTU_3016,,Bryozoa,phylum,1,Gymnolaemata,class,1,Ctenostomatida,order,1,Vesiculariidae,family,1,Bowerbankia,genus,1,Bowerbankia gracilis,species,1
OTU_3076,,Mollusca,phylum,1,Bivalvia,class,1,Mytiloida,order,1,Mytilidae,family,1,Semimytilus,genus,1,Semimytilus algosus,species,1
OTU_3149,,Mollusca,phylum,1,Bivalvia,class,1,Mytiloida,order,1,Mytilidae,family,1,Mytilus,genus,1,Mytilus galloprovincialis,species,1
OTU_3210,,Porifera,phylum,1,Demospongiae,class,1,Halichondrida,order,1,Hymeniacidonidae,family,1,Hymeniacidon,genus,1,Hymeniacidon perlevis,species,1
OTU_3245,,Cnidaria,phylum,1,Hydrozoa,class,1,Anthoathecata,order,1,Rathkeidae,family,1,Rathkea,genus,1,Rathkea octopunctata,species,1
OTU_3286,,Cnidaria,phylum,1,Hydrozoa,class,1,Siphonophorae,order,1,Diphyidae,family,1,Muggiaea,genus,1,Muggiaea atlantica,species,1
OTU_3312,,Bryozoa,phylum,1,Gymnolaemata,class,1,Cheilostomatida,order,1,Bugulidae,family,1,Bugula,genus,1,Bugula stolonifera,species,1
OTU_3314,,Cnidaria,phylum,1,Hydrozoa,class,1,Leptothecata,order,1,Campanulariidae,family,1,Obelia,genus,1,Obelia bidentata,species,1
OTU_3351,,Bryozoa,phylum,1,Gymnolaemata,class,1,Cheilostomatida,order,1,Bugulidae,family,1,Bugula,genus,1,Bugula flabellata,species,1
OTU_3389,,Mollusca,phylum,1,Bivalvia,class,1,Mytiloida,order,1,Mytilidae,family,1,Semimytilus,genus,1,Semimytilus algosus,species,1
OTU_3419,,Mollusca,phylum,1,Bivalvia,class,1,Mytiloida,order,1,Mytilidae,family,1,Perna,genus,1,Perna perna,species,0.75
OTU_3447,,Chordata,phylum,1,Actinopteri,class,1,Atheriniformes,order,1,Atherinidae,family,1,Atherina,genus,1,Atherina breviceps,species,1
OTU_3498,,Mollusca,phylum,1,Bivalvia,class,1,Mytiloida,order,1,Mytilidae,family,1,Mytilus,genus,1,Mytilus galloprovincialis,species,1
OTU_3541,,Chordata,phylum,1,Ascidiacea,class,1,Enterogona,order,1,Ascidiidae,family,1,Ascidiella,genus,1,Ascidiella aspersa,species,1
OTU_3622,,Bryozoa,phylum,1,Gymnolaemata,class,1,Cheilostomatida,order,1,Bugulidae,family,1,Bugula,genus,1,Bugula neritina,species,1
OTU_3683,,Porifera,phylum,1,Demospongiae,class,1,Poecilosclerida,order,0.97,Tedaniidae,family,0.7,Tedania,genus,0.7,Tedania oxeata,species,0.53
OTU_3709,,Nematoda,phylum,1,Chromadorea,class,1,Rhabditida,order,0.87,Diplogastridae,family,0.82,Parapristionchus,genus,0.81,Parapristionchus giblindavisi,species,0.81
OTU_3717,,Arthropoda,phylum,1,Maxillopoda,class,1,Sessilia,order,1,Balanidae,family,1,Balanus,genus,1,Balanus glandula,species,1
OTU_3722,,Arthropoda,phylum,1,Maxillopoda,class,1,Sessilia,order,1,Tetraclitidae,family,0.99,Tetraclita,genus,0.99,Tetraclita serrata,species,0.99
OTU_3747,,Mollusca,phylum,1,Gastropoda,class,1,,,,Nassariidae,family,1,Nassarius,genus,1,Nassarius kraussianus,species,1
OTU_3748,,Chordata,phylum,1,Actinopteri,class,1,,,,Haemulidae,family,1,Pomadasys,genus,1,Pomadasys commersonnii,species,1
OTU_3759,,Chordata,phylum,1,Actinopteri,class,1,Clupeiformes,order,1,Engraulidae,family,1,Engraulis,genus,1,Engraulis encrasicolus,species,1
OTU_3809,,Mollusca,phylum,1,Gastropoda,class,1,,,,Trochidae,family,1,Oxystele,genus,1,Oxystele tigrina,species,1
OTU_3850,,Nematoda,phylum,1,Chromadorea,class,1,Rhabditida,order,0.6,Strongyloididae,family,0.22,Strongyloides,genus,0.22,Strongyloides mirzai,species,0.2
OTU_3881,,Chordata,phylum,1,Actinopteri,class,1,Spariformes,order,1,Sparidae,family,1,Pterogymnus,genus,1,Pterogymnus laniarius,species,1
OTU_3928,,Chordata,phylum,1,Actinopteri,class,1,Gadiformes,order,1,Merlucciidae,family,1,Merluccius,genus,1,Merluccius paradoxus,species,1
OTU_4022,,Cnidaria,phylum,1,Hydrozoa,class,1,Leptothecata,order,0.79,Campanulariidae,family,0.77,Obelia,genus,0.33,Obelia dichotoma,species,0.28
OTU_4047,,Echinodermata,phylum,1,Crinoidea,class,1,Comatulida,order,1,Comatulidae,family,0.99,Clarkcomanthus,genus,0.71,Clarkcomanthus littoralis,species,0.44
OTU_4087,,Arthropoda,phylum,1,Malacostraca,class,1,Isopoda,order,1,Cirolanidae,family,1,Bathynomus,genus,1,Bathynomus giganteus,species,1
OTU_4104,,Chordata,phylum,1,Actinopteri,class,1,Blenniiformes,order,1,Blenniidae,family,1,Parablennius,genus,1,Parablennius pilicornis,species,1
OTU_4118,,Chordata,phylum,1,Actinopteri,class,1,,,,Ambassidae,family,1,Ambassis,genus,1,Ambassis dussumieri,species,1
OTU_4133,,Chordata,phylum,1,Actinopteri,class,0.71,Blenniiformes,order,0.21,Clinidae,family,0.19,Clinus,genus,0.19,Clinus agilis,species,0.12
OTU_4146,,Porifera,phylum,1,Demospongiae,class,1,Poecilosclerida,order,1,Coelosphaeridae,family,0.99,Lissodendoryx,genus,0.99,Lissodendoryx sigmata,species,0.99
OTU_4238,,Arthropoda,phylum,1,Branchiopoda,class,1,Diplostraca,order,1,Podonidae,family,1,Evadne,genus,1,Evadne nordmanni,species,1
OTU_4251,,Mollusca,phylum,1,Bivalvia,class,1,Mytiloida,order,1,Mytilidae,family,1,Mytilus,genus,1,Mytilus edulis,species,1
OTU_4252,,Arthropoda,phylum,1,Maxillopoda,class,0.98,Sessilia,order,0.98,Chthamalidae,family,0.96,Chthamalus,genus,0.95,Chthamalus dentatus,species,0.95
OTU_4279,,Chordata,phylum,1,Actinopteri,class,1,Spariformes,order,1,Sparidae,family,1,Spondyliosoma,genus,1,Spondyliosoma emarginatum,species,0.98
OTU_4292,,Echinodermata,phylum,1,Crinoidea,class,1,Comatulida,order,1,Antedonidae,family,0.97,Annametra,genus,0.97,Annametra occidentalis,species,0.97
OTU_4341,,Mollusca,phylum,1,Gastropoda,class,1,,,,Littorinidae,family,1,Afrolittorina,genus,1,Afrolittorina knysnaensis,species,1
OTU_4364,,Nematoda,phylum,1,Chromadorea,class,1,Rhabditida,order,0.54,Strongyloididae,family,0.14,Strongyloides,genus,0.14,Strongyloides mirzai,species,0.14
OTU_4424,,Arthropoda,phylum,1,Maxillopoda,class,1,Sessilia,order,1,Chthamalidae,family,1,Octomeris,genus,1,Octomeris angulosa,species,1
OTU_4425,,Cnidaria,phylum,1,Anthozoa,class,1,Alcyonacea,order,1,Gorgoniidae,family,0.73,Eunicella,genus,0.67,Eunicella tricoronata,species,0.67
OTU_4431,,Cnidaria,phylum,1,Hydrozoa,class,1,Limnomedusae,order,1,Olindiidae,family,1,Craspedacusta,genus,1,Craspedacusta sowerbyi,species,1
OTU_4453,,Annelida,phylum,1,Polychaeta,class,1,Phyllodocida,order,1,Polynoidae,family,1,Lepidonotus,genus,1,Lepidonotus clava,species,1
OTU_4637,,Chordata,phylum,1,Actinopteri,class,1,Scombriformes,order,1,Gempylidae,family,1,Thyrsites,genus,1,Thyrsites atun,species,1
OTU_4662,,Cnidaria,phylum,1,Hydrozoa,class,1,Leptothecata,order,0.98,Campanulariidae,family,0.91,Obelia,genus,0.58,Obelia geniculata,species,0.36
OTU_4675,,Echinodermata,phylum,1,Echinoidea,class,1,Spatangoida,order,1,Loveniidae,family,1,Echinocardium,genus,1,Echinocardium cordatum,species,1
OTU_4687,,Chordata,phylum,1,Actinopteri,class,1,Mugiliformes,order,1,Mugilidae,family,1,Liza,genus,1,Liza alata,species,1
OTU_4712,,Chordata,phylum,1,Ascidiacea,class,1,Stolidobranchia,order,1,Styelidae,family,1,Polyandrocarpa,genus,1,Polyandrocarpa zorritensis,species,1
OTU_4835,,Mollusca,phylum,1,Gastropoda,class,1,,,,Siphonariidae,family,1,Siphonaria,genus,1,Siphonaria serrata,species,1
OTU_4852,,Porifera,phylum,1,Demospongiae,class,1,Poecilosclerida,order,1,,,,Acanthorhabdus,genus,0.94,Acanthorhabdus fragilis,species,0.94
OTU_4853,,Cnidaria,phylum,1,Hydrozoa,class,1,Siphonophorae,order,1,Diphyidae,family,1,Muggiaea,genus,1,Muggiaea atlantica,species,1
OTU_4861,,Mollusca,phylum,1,Bivalvia,class,1,Mytiloida,order,1,Mytilidae,family,1,Mytilus,genus,1,Mytilus galloprovincialis,species,1
OTU_4931,,Mollusca,phylum,1,Bivalvia,class,1,Ostreoida,order,1,Ostreidae,family,1,Saccostrea,genus,1,Saccostrea cucullata,species,0.93
OTU_4962,,Chordata,phylum,1,Ascidiacea,class,1,Enterogona,order,1,Didemnidae,family,1,Diplosoma,genus,1,Diplosoma listerianum,species,1
OTU_4992,,Mollusca,phylum,1,Gastropoda,class,1,,,,Trochidae,family,1,Oxystele,genus,1,Oxystele variegata,species,1
OTU_5103,,Mollusca,phylum,1,Gastropoda,class,1,,,,Turbinidae,family,1,Turbo,genus,1,Turbo sarmaticus,species,1
OTU_5175,,Cnidaria,phylum,1,Hydrozoa,class,1,Leptothecata,order,1,Campanulariidae,family,1,Eucheilota,genus,1,Eucheilota maculata,species,1
OTU_5231,,Annelida,phylum,1,Polychaeta,class,1,Phyllodocida,order,1,Polynoidae,family,1,Lepidonotus,genus,0.99,Lepidonotus clava,species,0.99
OTU_5244,,Porifera,phylum,1,Demospongiae,class,1,Poecilosclerida,order,1,Tedaniidae,family,1,Tedania,genus,1,Tedania klausi,species,1
OTU_5284,,Mollusca,phylum,1,Bivalvia,class,1,Mytiloida,order,1,Mytilidae,family,1,Mytilus,genus,1,Mytilus galloprovincialis,species,1
OTU_5337,,Arthropoda,phylum,1,Maxillopoda,class,1,Harpacticoida,order,1,Harpacticidae,family,1,Harpacticella,genus,1,Harpacticella jejuensis,species,1
OTU_5382,,Porifera,phylum,1,Demospongiae,class,1,Halichondrida,order,1,Halichondriidae,family,1,Halichondria,genus,1,Halichondria okadai,species,0.9
OTU_5384,,Echinodermata,phylum,1,Asteroidea,class,1,Valvatida,order,1,Asterinidae,family,1,Parvulastra,genus,1,Parvulastra exigua,species,1
OTU_5393,,Chordata,phylum,1,Aves,class,1,Pelecaniformes,order,1,Phalacrocoracidae,family,1,Phalacrocorax,genus,1,Phalacrocorax capensis,species,1
OTU_5493,,Annelida,phylum,1,Polychaeta,class,1,Spionida,order,1,Cirratulidae,family,1,Cirratulus,genus,1,Cirratulus cirratus CMC01,species,1
OTU_5502,,Mollusca,phylum,1,Bivalvia,class,1,Pterioida,order,1,Pinnidae,family,1,Atrina,genus,1,Atrina fragilis,species,1
OTU_5518,,Cnidaria,phylum,1,Anthozoa,class,1,Alcyonacea,order,1,Melithaeidae,family,1,Acabaria,genus,1,Acabaria rubra,species,1
OTU_5555,,Annelida,phylum,1,Polychaeta,class,1,Golfingiida,order,1,Themistidae,family,1,Themiste,genus,1,Themiste minor,species,1
OTU_5612,,Cnidaria,phylum,1,Scyphozoa,class,1,Rhizostomeae,order,1,Rhizostomatidae,family,1,Rhopilema,genus,1,Rhopilema nomadica,species,1
OTU_5619,,Porifera,phylum,1,Demospongiae,class,1,Halichondrida,order,0.73,Halichondriidae,family,0.5,Halichondria,genus,0.37,Halichondria okadai,species,0.31
OTU_5701,,Echinodermata,phylum,1,Crinoidea,class,1,Comatulida,order,1,Comatulidae,family,0.98,Clarkcomanthus,genus,0.65,Clarkcomanthus littoralis,species,0.41
OTU_5714,,Cnidaria,phylum,1,Anthozoa,class,1,Corallimorpharia,order,1,Corallimorphidae,family,1,Corynactis,genus,1,Corynactis californica,species,1
OTU_5735,,Mollusca,phylum,1,Bivalvia,class,1,Mytiloida,order,1,Mytilidae,family,1,Mytilus,genus,1,Mytilus edulis,species,1
OTU_5758,,Porifera,phylum,1,Demospongiae,class,1,Poecilosclerida,order,1,Microcionidae,family,1,Clathria,genus,1,Clathria reinwardti,species,0.79
OTU_5816,,Echinodermata,phylum,1,Asteroidea,class,1,Valvatida,order,1,Asterinidae,family,1,Parvulastra,genus,1,Parvulastra exigua,species,1
OTU_5869,,Arthropoda,phylum,1,Insecta,class,1,Diptera,order,0.91,Chironomidae,family,0.33,Orthocladius,genus,0.15,Orthocladius dorenus,species,0.15
OTU_5902,,Cnidaria,phylum,1,Hydrozoa,class,1,Anthoathecata,order,1,Hydridae,family,1,Hydra,genus,1,Hydra sinensis,species,1
OTU_5931,,Chordata,phylum,1,Actinopteri,class,1,Blenniiformes,order,1,Blenniidae,family,1,Parablennius,genus,1,Parablennius cornutus,species,1
OTU_6023,,Porifera,phylum,1,Demospongiae,class,1,Dendroceratida,order,1,Darwinellidae,family,0.99,Chelonaplysilla,genus,0.99,Chelonaplysilla erecta,species,0.99
OTU_6055,,Mollusca,phylum,1,Bivalvia,class,1,Mytiloida,order,1,Mytilidae,family,1,Mytilus,genus,1,Mytilus edulis,species,1
OTU_6072,,Nematoda,phylum,1,Chromadorea,class,1,Rhabditida,order,0.85,Diplogastridae,family,0.78,Parapristionchus,genus,0.77,Parapristionchus giblindavisi,species,0.77
OTU_6189,,Cnidaria,phylum,1,Hydrozoa,class,1,Anthoathecata,order,1,Hydridae,family,1,Hydra,genus,1,Hydra vulgaris,species,1
OTU_6201,,Chordata,phylum,1,Mammalia,class,,,,1,Bovidae,family,1,Bos,genus,1,Bos taurus,species,0.99
OTU_6224,,Bryozoa,phylum,1,Gymnolaemata,class,1,Cheilostomatida,order,1,Cryptosulidae,family,1,Cryptosula,genus,1,Cryptosula pallasiana,species,1
OTU_6252,,Mollusca,phylum,1,Bivalvia,class,1,Mytiloida,order,1,Mytilidae,family,1,Mytilus,genus,1,Mytilus edulis,species,1
OTU_6292,,Chordata,phylum,1,Ascidiacea,class,1,Stolidobranchia,order,1,Styelidae,family,1,Polyandrocarpa,genus,1,Polyandrocarpa zorritensis,species,1
OTU_6314,,Porifera,phylum,1,Homoscleromorpha,class,1,Homosclerophorida,order,1,Plakinidae,family,1,Plakina,genus,0.99,Plakina jani,species,0.9
OTU_6443,,Porifera,phylum,1,Demospongiae,class,1,Poecilosclerida,order,1,Microcionidae,family,0.97,Clathria,genus,0.89,Clathria armata,species,0.74
OTU_6444,,Porifera,phylum,1,Demospongiae,class,1,Poecilosclerida,order,1,Microcionidae,family,1,Clathria,genus,1,Clathria rugosa,species,1
OTU_6446,,Arthropoda,phylum,1,Branchiopoda,class,1,Diplostraca,order,1,Podonidae,family,1,Evadne,genus,1,Evadne nordmanni,species,0.96
OTU_6488,,Chordata,phylum,1,Actinopteri,class,1,Spariformes,order,1,Sparidae,family,1,Rhabdosargus,genus,1,Rhabdosargus holubi,species,1
OTU_6592,,Arthropoda,phylum,1,Maxillopoda,class,1,Calanoida,order,1,Calanidae,family,1,Calanoides,genus,1,Calanoides carinatus,species,1
OTU_6617,,Porifera,phylum,1,Demospongiae,class,1,Haplosclerida,order,1,Phloeodictyidae,family,0.39,Calyx,genus,0.39,Calyx arcuarius,species,0.39
OTU_6630,,Bryozoa,phylum,1,Gymnolaemata,class,1,Cheilostomatida,order,1,Watersiporidae,family,1,Watersipora,genus,1,Watersipora subovoidea,species,1
OTU_6651,,Nematoda,phylum,1,Chromadorea,class,1,Tylenchida,order,1,Meloidogynidae,family,1,Meloidogyne,genus,1,Meloidogyne incognita,species,1
OTU_6670,,Arthropoda,phylum,1,Insecta,class,0.99,Diptera,order,0.67,Drosophilidae,family,0.15,Drosophila,genus,0.12,Drosophila tsacasi,species,0.08
OTU_6711,,Porifera,phylum,1,Demospongiae,class,1,Haplosclerida,order,1,Callyspongiidae,family,0.66,Callyspongia,genus,0.66,Callyspongia subarmigera,species,0.66
OTU_6719,,Chordata,phylum,1,Ascidiacea,class,1,Stolidobranchia,order,1,Styelidae,family,1,Polyandrocarpa,genus,1,Polyandrocarpa zorritensis,species,1
OTU_6722,,Chordata,phylum,1,Ascidiacea,class,1,Stolidobranchia,order,1,Styelidae,family,1,Botrylloides,genus,1,Botrylloides nigrum,species,1
OTU_6746,,Mollusca,phylum,1,Bivalvia,class,1,Mytiloida,order,1,Mytilidae,family,1,Mytilus,genus,1,Mytilus edulis,species,1
OTU_6761,,Arthropoda,phylum,1,Maxillopoda,class,1,Sessilia,order,1,Balanidae,family,1,Balanus,genus,1,Balanus glandula,species,1
OTU_6801,,Porifera,phylum,1,Demospongiae,class,1,Haplosclerida,order,1,Chalinidae,family,0.96,Haliclona,genus,0.96,Haliclona cinerea,species,0.87
OTU_6814,,Chordata,phylum,1,Actinopteri,class,1,Siluriformes,order,1,Ariidae,family,1,Galeichthys,genus,1,Galeichthys ater,species,1
OTU_6834,,Chordata,phylum,1,Ascidiacea,class,1,Stolidobranchia,order,1,Pyuridae,family,1,Microcosmus,genus,1,Microcosmus squamiger,species,1
OTU_6836,,Echinodermata,phylum,1,Asteroidea,class,1,Valvatida,order,1,Asterinidae,family,1,Parvulastra,genus,1,Parvulastra exigua,species,1
OTU_6847,,Bryozoa,phylum,1,Gymnolaemata,class,1,Cheilostomatida,order,1,Bugulidae,family,1,Bugula,genus,1,Bugula flabellata,species,1
OTU_6874,,Porifera,phylum,1,Demospongiae,class,1,Haplosclerida,order,1,Callyspongiidae,family,0.71,Callyspongia,genus,0.71,Callyspongia subarmigera,species,0.71
OTU_6890,,Chordata,phylum,1,Actinopteri,class,1,Siluriformes,order,1,Ariidae,family,1,Galeichthys,genus,1,Galeichthys ater,species,1
OTU_6903,,Cnidaria,phylum,1,Anthozoa,class,1,Alcyonacea,order,1,Plexauridae,family,0.71,Swiftia,genus,0.66,Swiftia spauldingi,species,0.66
OTU_7028,,Chordata,phylum,1,Actinopteri,class,1,Scombriformes,order,1,Gempylidae,family,1,Thyrsites,genus,1,Thyrsites atun,species,1
OTU_7029,,Chordata,phylum,1,Actinopteri,class,1,Blenniiformes,order,1,Clinidae,family,1,Clinus,genus,1,Clinus superciliosus,species,1
OTU_7057,,Chordata,phylum,1,Ascidiacea,class,1,Stolidobranchia,order,1,Styelidae,family,1,Symplegma,genus,1,Symplegma rubra,species,1
OTU_7068,,Arthropoda,phylum,1,Maxillopoda,class,1,Sessilia,order,1,Balanidae,family,1,Balanus,genus,1,Balanus glandula,species,1
OTU_7073,,Cnidaria,phylum,1,Hydrozoa,class,1,Anthoathecata,order,1,Tubulariidae,family,1,Ectopleura,genus,1,Ectopleura crocea,species,1
OTU_7089,,Porifera,phylum,1,Homoscleromorpha,class,1,Homosclerophorida,order,1,Plakinidae,family,1,Plakina,genus,0.99,Plakina jani,species,0.91
OTU_7096,,Porifera,phylum,1,Demospongiae,class,1,Poecilosclerida,order,1,Hymedesmiidae,family,0.9,Phorbas,genus,0.9,Phorbas bihamiger,species,0.9
OTU_7130,,Bryozoa,phylum,1,Gymnolaemata,class,1,Cheilostomatida,order,1,Bugulidae,family,1,Bugula,genus,1,Bugula flabellata,species,1
OTU_7175,,Chordata,phylum,1,Actinopteri,class,1,Mugiliformes,order,1,Mugilidae,family,1,Liza,genus,1,Liza dumerili,species,1
OTU_7224,,Porifera,phylum,1,Demospongiae,class,1,Hadromerida,order,0.99,Suberitidae,family,0.99,Plicatellopsis,genus,0.93,Plicatellopsis fragilis,species,0.83
OTU_7280,,Bryozoa,phylum,1,Gymnolaemata,class,1,Cheilostomatida,order,1,Cryptosulidae,family,1,Cryptosula,genus,1,Cryptosula pallasiana,species,1
OTU_7347,,Porifera,phylum,1,Demospongiae,class,1,Haplosclerida,order,1,Phloeodictyidae,family,0.74,Calyx,genus,0.74,Calyx arcuarius,species,0.74
OTU_7382,,Cnidaria,phylum,1,Hydrozoa,class,1,Leptothecata,order,1,Campanulariidae,family,1,Lovenella,genus,0.96,Lovenella assimilis,species,0.96
OTU_7417,,Chordata,phylum,1,Actinopteri,class,1,Gobiiformes,order,0.98,Gobiidae,family,0.98,Caffrogobius,genus,0.98,Caffrogobius saldanha,species,0.98
OTU_7424,,Porifera,phylum,1,Demospongiae,class,1,Halichondrida,order,0.85,Halichondriidae,family,0.84,Halichondria,genus,0.82,Halichondria panicea,species,0.78
OTU_7576,,Porifera,phylum,1,Demospongiae,class,1,Poecilosclerida,order,0.77,Hymedesmiidae,family,0.65,Phorbas,genus,0.65,Phorbas fictitioides,species,0.63
OTU_7711,,Chordata,phylum,1,Actinopteri,class,1,Monodactylidae,family,1,Monodactylus,genus,1,Monodactylus argenteus,species,1,,,
OTU_7787,,Porifera,phylum,1,Demospongiae,class,1,Poecilosclerida,order,1,Microcionidae,family,0.98,Clathria,genus,0.88,Clathria armata,species,0.83
OTU_7835,,Cnidaria,phylum,1,Hydrozoa,class,1,Leptothecata,order,0.98,Campanulariidae,family,0.98,Clytia,genus,0.97,Clytia languida,species,0.97
OTU_7911,,Echinodermata,phylum,1,Asteroidea,class,1,Forcipulatida,order,1,Asteriidae,family,1,Marthasterias,genus,1,Marthasterias glacialis,species,1
OTU_7951,,Porifera,phylum,1,Demospongiae,class,1,Dendroceratida,order,1,Halisarcidae,family,1,Halisarca,genus,1,Halisarca dujardini,species,1
OTU_8021,,Chordata,phylum,1,Actinopteri,class,1,Centrarchiformes,order,1,Cheilodactylidae,family,1,Cheilodactylus,genus,1,Cheilodactylus fasciatus,species,1
OTU_8026,,Chordata,phylum,1,Actinopteri,class,1,Blenniiformes,order,1,Clinidae,family,1,Clinus,genus,1,Clinus superciliosus,species,1
OTU_8076,,Arthropoda,phylum,1,Malacostraca,class,1,Isopoda,order,1,Sphaeromatidae,family,1,Exosphaeroma,genus,1,Exosphaeroma hylecoetes,species,1
OTU_8099,,Chordata,phylum,1,Actinopteri,class,1,Chaetodontiformes,order,1,Chaetodontidae,family,1,Heniochus,genus,1,Heniochus acuminatus,species,1
OTU_8138,,Cnidaria,phylum,1,Anthozoa,class,1,Actiniaria,order,1,Actiniidae,family,0.94,Bolocera,genus,0.31,Bolocera tuediae,species,0.31
OTU_8180,,Chordata,phylum,1,Ascidiacea,class,1,Enterogona,order,1,Clavelinidae,family,1,Clavelina,genus,1,Clavelina lepadiformis,species,1
OTU_8213,,Mollusca,phylum,1,Bivalvia,class,1,Mytiloida,order,1,Mytilidae,family,1,Mytilus,genus,1,Mytilus edulis,species,1
OTU_8302,,Echinodermata,phylum,1,Asteroidea,class,1,Valvatida,order,1,Asterinidae,family,1,Parvulastra,genus,1,Parvulastra exigua,species,1
OTU_8352,,Arthropoda,phylum,1,Insecta,class,1,Diptera,order,0.87,Drosophilidae,family,0.25,Phortica,genus,0.11,Phortica sexpunctata,species,0.06
OTU_8369,,Chordata,phylum,1,Actinopteri,class,1,Gobiiformes,order,1,Gobiidae,family,1,Psammogobius,genus,1,Psammogobius knysnaensis,species,1
OTU_8380,,Porifera,phylum,1,Demospongiae,class,1,Haplosclerida,order,0.99,Chalinidae,family,0.88,Haliclona,genus,0.88,Haliclona cinerea,species,0.54
OTU_8405,,Arthropoda,phylum,1,Insecta,class,0.99,Coleoptera,order,0.3,Cleridae,family,0.27,Opilo,genus,0.27,Opilo whitei,species,0.27
OTU_8430,,Cnidaria,phylum,1,Anthozoa,class,1,Actiniaria,order,1,Sagartiidae,family,0.93,Sagartia,genus,0.93,Sagartia ornata,species,0.93
OTU_8440,,Chordata,phylum,1,Chondrichthyes,class,1,Myliobatiformes,order,1,Dasyatidae,family,1,Dasyatis,genus,1,Dasyatis chrysonota,species,1
OTU_8474,,Bryozoa,phylum,1,Gymnolaemata,class,1,Cheilostomatida,order,1,Watersiporidae,family,1,Watersipora,genus,1,Watersipora subovoidea,species,1
OTU_8607,,Arthropoda,phylum,1,Malacostraca,class,1,Amphipoda,order,1,Ischyroceridae,family,1,Jassa,genus,1,Jassa slatteryi,species,1
OTU_8628,,Annelida,phylum,1,Haplotaxida,order,1,,,,Naididae,family,1,Limnodrilus,genus,1,Limnodrilus hoffmeisteri,species,1
OTU_8770,,Chordata,phylum,1,Actinopteri,class,1,Clupeiformes,order,1,Clupeidae,family,1,Gilchristella,genus,1,Gilchristella aestuaria,species,1
OTU_8885,,Arthropoda,phylum,1,Malacostraca,class,1,Isopoda,order,1,Idoteidae,family,1,Paridotea,genus,1,Paridotea ungulata,species,1
OTU_8978,,Annelida,phylum,1,Haplotaxida,order,1,,,,Naididae,family,1,Potamothrix,genus,1,Potamothrix bavaricus,species,1
OTU_9112,,Chordata,phylum,1,Actinopteri,class,1,Blenniiformes,order,1,Blenniidae,family,1,Parablennius,genus,1,Parablennius cornutus,species,1
OTU_9126,,Rotifera,phylum,1,Bdelloidea,class,1,Adinetida,order,0.48,Adinetidae,family,0.48,Adineta,genus,0.48,Adineta vaga,species,0.44
OTU_9146,,Bryozoa,phylum,1,Gymnolaemata,class,1,Cheilostomatida,order,1,Bugulidae,family,1,Bugula,genus,1,Bugula neritina,species,1
OTU_9154,,Porifera,phylum,1,Demospongiae,class,1,Poecilosclerida,order,1,Microcionidae,family,0.75,Clathria,genus,0.75,Clathria prolifera,species,0.75
OTU_9164,,Mollusca,phylum,1,Bivalvia,class,1,Mytiloida,order,1,Mytilidae,family,1,Mytilus,genus,1,Mytilus edulis,species,1
OTU_9212,,Mollusca,phylum,1,Gastropoda,class,1,,,,Trochidae,family,1,Oxystele,genus,1,Oxystele variegata,species,1
OTU_9250,,Porifera,phylum,1,Demospongiae,class,1,Poecilosclerida,order,1,Clathriidae,family,0.44,Ophlitaspongia,genus,0.44,Ophlitaspongia papilla,species,0.44
OTU_9332,,Arthropoda,phylum,1,Malacostraca,class,1,Decapoda,order,1,Upogebiidae,family,1,Upogebia,genus,1,Upogebia africana,species,1
OTU_9349,,Mollusca,phylum,1,Gastropoda,class,1,,,,Patellidae,family,1,Scutellastra,genus,1,Scutellastra barbara,species,1
OTU_9407,,Chordata,phylum,1,Ascidiacea,class,1,Stolidobranchia,order,1,Styelidae,family,1,Botryllus,genus,1,Botryllus schlosseri,species,1
OTU_9466,,Porifera,phylum,1,Demospongiae,class,1,Poecilosclerida,order,1,Desmacididae,family,0.99,Desmapsamma,genus,0.99,Desmapsamma anchorata,species,0.99
OTU_9498,,Mollusca,phylum,1,Gastropoda,class,1,,,,Physidae,family,1,Physella,genus,1,Physella acuta,species,1
OTU_9530,,Arthropoda,phylum,1,Arachnida,class,1,Astigmata,order,1,Pyroglyphidae,family,1,Dermatophagoides,genus,1,Dermatophagoides pteronyssinus,species,1
OTU_9554,,Porifera,phylum,1,Demospongiae,class,1,Hadromerida,order,1,Clionaidae,family,1,Cliona,genus,1,Cliona celata,species,1
OTU_9656,,Porifera,phylum,1,Demospongiae,class,1,Poecilosclerida,order,0.95,Myxillidae,family,0.35,Myxilla,genus,0.35,Myxilla mollis,species,0.35
OTU_9663,,Porifera,phylum,1,Demospongiae,class,1,Poecilosclerida,order,1,Dendoricellidae,family,0.68,Fibulia,genus,0.68,Fibulia cribriporosa,species,0.68
OTU_9666,,Porifera,phylum,1,Demospongiae,class,1,Hadromerida,order,1,Placospongiidae,family,1,Placospongia,genus,1,Placospongia carinata,species,0.48
OTU_9702,,Mollusca,phylum,1,Bivalvia,class,1,Mytiloida,order,1,Mytilidae,family,1,Mytilus,genus,1,Mytilus edulis,species,1
OTU_9909,,Nematoda,phylum,1,Chromadorea,class,1,Diplogasterida,order,0.73,Diplogasteridae,family,0.73,Micoletzkya,genus,0.73,Micoletzkya buetschlii,species,0.37
OTU_9987,,Chordata,phylum,1,Actinopteri,class,1,Atheriniformes,order,1,Atherinidae,family,1,Atherina,genus,1,Atherina breviceps,species,1
OTU_10025,,Bryozoa,phylum,1,Gymnolaemata,class,1,Cheilostomatida,order,1,Watersiporidae,family,1,Watersipora,genus,1,Watersipora subtorquata,species,1
OTU_10026,,Chordata,phylum,1,Actinopteri,class,1,Blenniiformes,order,1,Gobiesocidae,family,1,Chorisochismus,genus,1,Chorisochismus dentex,species,1
OTU_10059,,Porifera,phylum,1,Demospongiae,class,1,Hadromerida,order,1,Polymastiidae,family,1,Polymastia,genus,0.96,Polymastia penicillus,species,0.61
OTU_10064,,Porifera,phylum,1,Demospongiae,class,1,Poecilosclerida,order,1,Microcionidae,family,0.71,Clathria,genus,0.71,Clathria prolifera,species,0.71
OTU_10070,,Porifera,phylum,1,Demospongiae,class,1,Halichondrida,order,0.29,Heteroxyidae,family,0.29,Desmoxya,genus,0.29,Desmoxya pelagiae,species,0.29
OTU_10094,,Porifera,phylum,1,Demospongiae,class,1,Poecilosclerida,order,1,Mycalidae,family,1,Mycale,genus,1,Mycale fibrexilis,species,1
OTU_10118,,Arthropoda,phylum,1,Maxillopoda,class,1,Sessilia,order,1,Chthamalidae,family,1,Octomeris,genus,1,Octomeris angulosa,species,1
OTU_10129,,Arthropoda,phylum,1,Insecta,class,1,Diptera,order,1,Psychodidae,family,1,Psychoda,genus,1,Psychoda alternata,species,1
OTU_10130,,Chordata,phylum,1,Actinopteri,class,0.98,Blenniiformes,order,0.93,Blenniidae,family,0.93,Parablennius,genus,0.93,Parablennius cornutus,species,0.93
OTU_10150,,Annelida,phylum,1,Haplotaxida,order,1,,,,Megascolecidae,family,1,Amynthas,genus,1,Amynthas gracilis,species,1
OTU_10168,,Chordata,phylum,1,Ascidiacea,class,1,Stolidobranchia,order,1,Styelidae,family,1,Asterocarpa,genus,0.99,Asterocarpa humilis,species,0.99
OTU_10323,,Porifera,phylum,1,Demospongiae,class,1,Poecilosclerida,order,0.76,Myxillidae,family,0.16,Myxilla,genus,0.16,Myxilla mollis,species,0.16
OTU_10423,,Arthropoda,phylum,1,Insecta,class,0.98,Diptera,order,0.76,Drosophilidae,family,0.23,Drosophila,genus,0.16,Drosophila fengkainensis,species,0.1
OTU_10553,,Chordata,phylum,1,Actinopteri,class,1,Cichliformes,order,1,Cichlidae,family,1,Oreochromis,genus,1,Oreochromis mossambicus,species,0.94
OTU_10696,,Chordata,phylum,1,Actinopteri,class,1,Syngnathiformes,order,1,Syngnathidae,family,1,Syngnathus,genus,1,Syngnathus acus,species,1
OTU_10829,,Annelida,phylum,1,Polychaeta,class,1,Golfingiida,order,1,Themistidae,family,1,Themiste,genus,1,Themiste minor,species,1
OTU_10943,,Arthropoda,phylum,1,Insecta,class,1,Diptera,order,1,Chironomidae,family,1,Cricotopus,genus,1,Cricotopus albitibia,species,1
OTU_10960,,Annelida,phylum,1,Polychaeta,class,1,Spionida,order,1,Spionidae,family,1,Polydora,genus,1,Polydora websteri,species,1
OTU_11106,,Cnidaria,phylum,1,Anthozoa,class,1,Scleractinia,order,1,Caryophylliidae,family,0.99,Solenosmilia,genus,0.18,Solenosmilia variabilis,species,0.18
OTU_11107,,Chordata,phylum,1,Actinopteri,class,1,Spariformes,order,1,Sparidae,family,1,Acanthopagrus,genus,1,Acanthopagrus berda,species,1
OTU_11250,,Annelida,phylum,1,Haplotaxida,order,1,,,,Naididae,family,1,Paranais,genus,1,Paranais frici,species,1
OTU_11294,,Chordata,phylum,1,Actinopteri,class,0.91,Blenniiformes,order,0.53,Clinidae,family,0.49,Clinus,genus,0.48,Clinus cottoides,species,0.19
OTU_11412,,Chordata,phylum,1,Actinopteri,class,1,Spariformes,order,1,Sparidae,family,1,Acanthopagrus,genus,1,Acanthopagrus vagus,species,1
OTU_11481,,Porifera,phylum,1,Demospongiae,class,1,Halichondrida,order,0.94,Halichondriidae,family,0.78,Amorphinopsis,genus,0.69,Amorphinopsis foetida,species,0.38
OTU_11576,,Annelida,phylum,1,Polychaeta,class,1,Spionida,order,1,Spionidae,family,1,Polydora,genus,1,Polydora haswelli,species,1
OTU_11612,,Echinodermata,phylum,1,Asteroidea,class,1,Valvatida,order,1,Asterinidae,family,1,Parvulastra,genus,1,Parvulastra exigua,species,1
OTU_11766,,Chordata,phylum,1,Aves,class,1,Charadriiformes,order,1,Haematopodidae,family,1,Haematopus,genus,1,Haematopus ostralegus,species,0.96
OTU_11768,,Chordata,phylum,1,Actinopteri,class,0.99,Blenniiformes,order,0.93,Clinidae,family,0.93,Clinus,genus,0.93,Clinus acuminatus,species,0.74
OTU_11784,,Chordata,phylum,1,Actinopteri,class,1,Blenniiformes,order,1,Clinidae,family,1,Clinus,genus,1,Clinus acuminatus,species,1
OTU_11826,,Porifera,phylum,1,Demospongiae,class,1,Poecilosclerida,order,1,Microcionidae,family,0.97,Artemisina,genus,0.8,Artemisina tubulosa,species,0.37
OTU_11916,,Mollusca,phylum,1,Bivalvia,class,1,Ostreoida,order,1,Ostreidae,family,1,Crassostrea,genus,1,Crassostrea gigas,species,1
OTU_11935,,Bryozoa,phylum,1,Gymnolaemata,class,1,Cheilostomatida,order,1,Bugulidae,family,1,Bugula,genus,1,Bugula neritina,species,1
OTU_11944,,Mollusca,phylum,1,Bivalvia,class,1,Mytiloida,order,1,Mytilidae,family,1,Mytilus,genus,1,Mytilus edulis,species,1
OTU_11962,,Cnidaria,phylum,1,Hydrozoa,class,1,Leptothecata,order,0.72,Campanulariidae,family,0.69,Obelia,genus,0.56,Obelia dichotoma,species,0.56
OTU_12119,,Chordata,phylum,1,Ascidiacea,class,1,Enterogona,order,1,Cionidae,family,1,Ciona,genus,1,Ciona intestinalis,species,1
OTU_12284,,Porifera,phylum,1,Demospongiae,class,1,Poecilosclerida,order,1,Dendoricellidae,family,0.73,Fibulia,genus,0.73,Fibulia cribriporosa,species,0.73
OTU_12362,,Bryozoa,phylum,1,Gymnolaemata,class,1,Cheilostomatida,order,1,Membraniporidae,family,1,Membranipora,genus,1,Membranipora membranacea,species,0.98
OTU_12394,,Chordata,phylum,1,Ascidiacea,class,1,Stolidobranchia,order,1,Styelidae,family,1,Botrylloides,genus,1,Botrylloides pizoni,species,1
OTU_12534,,Arthropoda,phylum,1,Malacostraca,class,1,Mysida,order,1,Mysidae,family,1,Mesopodopsis,genus,1,Mesopodopsis wooldridgei,species,1
OTU_12957,,Porifera,phylum,1,Demospongiae,class,1,Poecilosclerida,order,1,Coelosphaeridae,family,0.87,Lissodendoryx,genus,0.87,Lissodendoryx sigmata,species,0.87
OTU_13006,,Chordata,phylum,1,Actinopteri,class,1,Mugiliformes,order,1,Mugilidae,family,1,Liza,genus,1,Liza tricuspidens,species,1
OTU_13264,,Cnidaria,phylum,1,Hydrozoa,class,1,Leptothecata,order,1,Campanulariidae,family,1,Laomedea,genus,1,Laomedea calceolifera,species,1
OTU_13311,,Bryozoa,phylum,1,Gymnolaemata,class,1,Cheilostomatida,order,1,Bugulidae,family,1,Bugula,genus,1,Bugula flabellata,species,1
OTU_13426,,Mollusca,phylum,1,Bivalvia,class,1,Mytiloida,order,1,Mytilidae,family,1,Mytilus,genus,1,Mytilus edulis,species,1
OTU_13498,,Cnidaria,phylum,1,Hydrozoa,class,1,Leptothecata,order,1,Campanulariidae,family,1,Obelia,genus,1,Obelia longissima,species,0.93
OTU_13603,,Mollusca,phylum,1,Gastropoda,class,1,,,,Trochidae,family,1,Oxystele,genus,1,Oxystele variegata,species,1
OTU_13791,,Porifera,phylum,1,Demospongiae,class,1,Poecilosclerida,order,1,Microcionidae,family,0.94,Clathria,genus,0.59,Clathria armata,species,0.56
OTU_13825,,Porifera,phylum,1,Demospongiae,class,1,Poecilosclerida,order,0.9,Desmacididae,family,0.5,Desmapsamma,genus,0.5,Desmapsamma anchorata,species,0.5
OTU_13945,,Arthropoda,phylum,1,Insecta,class,0.98,Diptera,order,0.68,Syrphidae,family,0.12,Syrphus,genus,0.02,Syrphus shorae,species,0.02
OTU_14102,,Arthropoda,phylum,1,Insecta,class,1,Diptera,order,1,Culicidae,family,1,Culex,genus,1,Culex quinquefasciatus,species,1
OTU_14290,,Chordata,phylum,1,Actinopteri,class,1,Blenniiformes,order,1,Blenniidae,family,1,Omobranchus,genus,1,Omobranchus woodi,species,1
OTU_14296,,Mollusca,phylum,1,Gastropoda,class,1,,,,Physidae,family,1,Physella,genus,1,Physella acuta,species,1
OTU_14359,,Porifera,phylum,1,Homoscleromorpha,class,1,Homosclerophorida,order,1,Plakinidae,family,1,Oscarella,genus,0.92,Oscarella carmela,species,0.56
OTU_14413,,Cnidaria,phylum,1,Hydrozoa,class,0.99,Leptothecata,order,0.91,Campanulariidae,family,0.86,Clytia,genus,0.39,Clytia elsaeoswaldae,species,0.22
OTU_14555,,Nemertea,phylum,1,Enopla,class,1,Monostilifera,order,1,Tetrastemmatidae,family,1,Prostoma,genus,1,Prostoma graecense,species,1
OTU_14573,,Chordata,phylum,1,Actinopteri,class,1,Clupeiformes,order,1,Clupeidae,family,1,Sardinops,genus,1,Sardinops sagax,species,1
OTU_14644,,Arthropoda,phylum,1,Insecta,class,1,Diptera,order,1,Chironomidae,family,1,Telmatogeton,genus,1,Telmatogeton japonicus,species,1
OTU_15009,,Arthropoda,phylum,1,Arachnida,class,1,Astigmata,order,1,Pyroglyphidae,family,1,Dermatophagoides,genus,1,Dermatophagoides farinae,species,1
OTU_15032,,Cnidaria,phylum,1,Hydrozoa,class,1,Leptothecata,order,1,Campanulariidae,family,1,Campanularia,genus,1,Campanularia hincksii,species,1
OTU_15362,,Bryozoa,phylum,1,Gymnolaemata,class,1,Cheilostomatida,order,1,Bugulidae,family,1,Bugula,genus,1,Bugula simplex,species,1
OTU_15370,,Annelida,phylum,1,Polychaeta,class,1,Eunicida,order,1,Dorvilleidae,family,1,Ophryotrocha,genus,1,Ophryotrocha hartmanni,species,1
OTU_15371,,Arthropoda,phylum,1,Insecta,class,1,Diptera,order,1,Chironomidae,family,1,Telmatogeton,genus,1,Telmatogeton japonicus,species,1
OTU_15372,,Chordata,phylum,1,Aves,class,1,Columbiformes,order,1,Columbidae,family,1,Columba,genus,0.81,Columba trocaz,species,0.49
OTU_15475,,Arthropoda,phylum,1,Insecta,class,1,Coleoptera,order,1,Coccinellidae,family,1,Hippodamia,genus,1,Hippodamia variegata,species,1
OTU_15653,,Chordata,phylum,1,Actinopteri,class,1,Spariformes,order,1,Sparidae,family,1,Acanthopagrus,genus,1,Acanthopagrus berda,species,1
OTU_15857,,Porifera,phylum,1,Demospongiae,class,1,Dendroceratida,order,1,Darwinellidae,family,0.99,Chelonaplysilla,genus,0.99,Chelonaplysilla erecta,species,0.99
OTU_16109,,Arthropoda,phylum,1,Insecta,class,1,Hemiptera,order,1,Aphididae,family,1,Myzus,genus,1,Myzus persicae,species,1
OTU_16372,,Porifera,phylum,1,Homoscleromorpha,class,1,Homosclerophorida,order,1,Plakinidae,family,1,Plakina,genus,1,Plakina monolopha,species,0.98
OTU_16487,,Mollusca,phylum,1,Bivalvia,class,1,Mytiloida,order,1,Mytilidae,family,1,Mytilus,genus,1,Mytilus galloprovincialis,species,1
OTU_16582,,Chordata,phylum,1,Actinopteri,class,1,Blenniiformes,order,1,Blenniidae,family,1,Parablennius,genus,1,Parablennius cornutus,species,1
OTU_16915,,Arthropoda,phylum,1,Maxillopoda,class,1,Calanoida,order,1,Calanidae,family,1,Calanus,genus,1,Calanus sinicus,species,1
OTU_16916,,Chordata,phylum,1,Actinopteri,class,1,Chaetodontiformes,order,1,Leiognathidae,family,1,Deveximentum,genus,0.51,Deveximentum insidiator,species,0.51
OTU_17316,,Annelida,phylum,1,Polychaeta,class,1,,,,Orbiniidae,family,1,Proscoloplos,genus,1,Proscoloplos cygnochaetus,species,1
OTU_18002,,Cnidaria,phylum,1,Anthozoa,class,1,Actiniaria,order,1,Actiniidae,family,0.96,Anthopleura,genus,0.6,Anthopleura elegantissima,species,0.6
OTU_18030,,Porifera,phylum,1,Demospongiae,class,1,Poecilosclerida,order,1,Microcionidae,family,1,Artemisina,genus,0.98,Artemisina jovis,species,0.46
OTU_18411,,Bryozoa,phylum,1,Gymnolaemata,class,1,Cheilostomatida,order,1,Watersiporidae,family,1,Watersipora,genus,1,Watersipora arcuata,species,1
OTU_18900,,Chordata,phylum,1,Actinopteri,class,1,,,,Sciaenidae,family,1,Argyrosomus,genus,1,Argyrosomus inodorus,species,1
OTU_19178,,Porifera,phylum,1,Demospongiae,class,1,Hadromerida,order,0.94,Suberitidae,family,0.94,Pseudosuberites,genus,0.82,Pseudosuberites nudus,species,0.82
OTU_19759,,Annelida,phylum,1,Haplotaxida,order,1,,,,Naididae,family,1,Nais,genus,1,Nais communis,species,1
OTU_19762,,Arthropoda,phylum,1,Malacostraca,class,1,Decapoda,order,1,Palaemonidae,family,1,Palaemon,genus,1,Palaemon peringueyi,species,1
OTU_20883,,Chordata,phylum,1,Actinopteri,class,0.89,Blenniiformes,order,0.23,Tripterygiidae,family,0.23,Cremnochorites,genus,0.23,Cremnochorites capensis,species,0.23
OTU_195,,Arthropoda,phylum,0.99,Maxillopoda,class,0.97,Calanoida,order,0.97,Paracalanidae,family,0.96,Paracalanus,genus,0.95,Paracalanus parvus,species,0.95
OTU_358,,Cnidaria,phylum,0.99,Hydrozoa,class,0.99,Leptothecata,order,0.81,Campanulariidae,family,0.81,Clytia,genus,0.55,Clytia gracilis,species,0.46
OTU_509,,Arthropoda,phylum,0.99,Maxillopoda,class,0.99,Calanoida,order,0.99,Paracalanidae,family,0.98,Paracalanus,genus,0.97,Paracalanus parvus,species,0.97
OTU_811,,Cnidaria,phylum,0.99,Hydrozoa,class,0.95,Narcomedusae,order,,,,0.28,Tetraplatia,genus,0.28,Tetraplatia volitans,species,0.28
OTU_895,,Cnidaria,phylum,0.99,Hydrozoa,class,0.99,Leptothecata,order,0.99,Campanulariidae,family,0.99,Clytia,genus,0.99,Clytia gracilis,species,0.99
OTU_1098,,Cnidaria,phylum,0.99,Hydrozoa,class,0.99,Siphonophorae,order,0.81,Physaliidae,family,0.69,Physalia,genus,0.69,Physalia physalis,species,0.69
OTU_1607,,Rotifera,phylum,0.99,Bdelloidea,class,0.99,Adinetida,order,0.91,Adinetidae,family,0.91,Adineta,genus,0.91,Adineta vaga,species,0.91
OTU_1919,,Arthropoda,phylum,0.99,Maxillopoda,class,0.99,Sessilia,order,0.99,Balanidae,family,0.99,Amphibalanus,genus,0.99,Amphibalanus amphitrite,species,0.99
OTU_2321,,Cnidaria,phylum,0.99,Hydrozoa,class,0.98,Siphonophorae,order,0.88,Physaliidae,family,0.84,Physalia,genus,0.84,Physalia physalis,species,0.84
OTU_2583,,Cnidaria,phylum,0.99,Hydrozoa,class,0.99,Leptothecata,order,0.84,Campanulariidae,family,0.8,Orthopyxis,genus,0.35,Orthopyxis integra,species,0.35
OTU_2782,,Arthropoda,phylum,0.99,Insecta,class,0.66,Lepidoptera,order,0.2,Nymphalidae,family,0.13,Issoria,genus,0.11,Issoria smaragdifera,species,0.11
OTU_3519,,Cnidaria,phylum,0.99,Hydrozoa,class,0.99,Leptothecata,order,0.82,Campanulariidae,family,0.78,Orthopyxis,genus,0.61,Orthopyxis integra,species,0.61
OTU_3600,,Mollusca,phylum,0.99,Bivalvia,class,0.98,Mytiloida,order,0.98,Mytilidae,family,0.98,Mytilus,genus,0.98,Mytilus galloprovincialis,species,0.96
OTU_3764,,Cnidaria,phylum,0.99,Hydrozoa,class,0.99,Siphonophorae,order,0.35,Apolemiidae,family,0.31,Apolemia,genus,0.31,Apolemia rubriversa,species,0.22
OTU_3914,,Porifera,phylum,0.99,Demospongiae,class,0.99,Poecilosclerida,order,0.96,Dendoricellidae,family,0.5,Fibulia,genus,0.5,Fibulia cribriporosa,species,0.5
OTU_4091,,Porifera,phylum,0.99,Demospongiae,class,0.99,Haplosclerida,order,0.99,Niphatidae,family,0.65,Hemigellius,genus,0.59,Hemigellius pilosus,species,0.59
OTU_4612,,Arthropoda,phylum,0.99,Maxillopoda,class,0.99,Sessilia,order,0.99,Balanidae,family,0.99,Amphibalanus,genus,0.99,Amphibalanus amphitrite,species,0.99
OTU_4614,,Porifera,phylum,0.99,Demospongiae,class,0.99,Haplosclerida,order,0.99,Niphatidae,family,0.67,Hemigellius,genus,0.61,Hemigellius pilosus,species,0.61
OTU_4844,,Mollusca,phylum,0.99,Gastropoda,class,,,,0.98,Hydrobiidae,family,0.17,Pyrgulopsis,genus,0.12,Pyrgulopsis carinifera,species,0.09
OTU_4977,,Rotifera,phylum,0.99,Bdelloidea,class,0.99,Adinetida,order,0.6,Adinetidae,family,0.6,Adineta,genus,0.6,Adineta vaga,species,0.57
OTU_5287,,Cnidaria,phylum,0.99,Hydrozoa,class,0.99,Leptothecata,order,0.99,Plumulariidae,family,0.99,Plumularia,genus,0.99,Plumularia setacea,species,0.99
OTU_5328,,Cnidaria,phylum,0.99,Hydrozoa,class,0.99,Leptothecata,order,0.99,Campanulariidae,family,0.99,Clytia,genus,0.99,Clytia gracilis,species,0.99
OTU_5600,,Cnidaria,phylum,0.99,Hydrozoa,class,0.99,Leptothecata,order,0.41,Campanulariidae,family,0.41,Obelia,genus,0.36,Obelia dichotoma,species,0.33
OTU_5967,,Porifera,phylum,0.99,Demospongiae,class,0.99,Hadromerida,order,0.99,Clionaidae,family,0.95,Clionaopsis,genus,0.35,Clionaopsis platei,species,0.35
OTU_5980,,Annelida,phylum,0.99,Polychaeta,class,0.99,Phyllodocida,order,0.99,Nereididae,family,0.97,Platynereis,genus,0.97,Platynereis massiliensis,species,0.94
OTU_7436,,Xenacoelomorpha,phylum,0.99,Acoela,class,0.99,Mecynostomidae,family,0.99,Paramecynostomum,genus,0.99,Paramecynostomum diversicolor,species,0.99,,,
OTU_8417,,Cnidaria,phylum,0.99,Hydrozoa,class,0.99,Leptothecata,order,0.69,Campanulariidae,family,0.67,Obelia,genus,0.18,Obelia dichotoma,species,0.16
OTU_8620,,Bryozoa,phylum,0.99,Gymnolaemata,class,0.99,Cheilostomatida,order,0.99,Electridae,family,0.99,Conopeum,genus,0.99,Conopeum reticulum,species,0.99
OTU_8789,,Cnidaria,phylum,0.99,Hydrozoa,class,0.98,Anthoathecata,order,0.36,Hydractiniidae,family,0.28,Clava,genus,0.27,Clava multicornis,species,0.27
OTU_9124,,Annelida,phylum,0.99,Haplotaxida,order,,,,0.99,Naididae,family,0.98,Chaetogaster,genus,0.9,Chaetogaster diastrophus,species,0.88
OTU_9264,,Porifera,phylum,0.99,Demospongiae,class,0.99,Dendroceratida,order,0.99,Dictyodendrillidae,family,0.74,Igernella,genus,0.72,Igernella notabilis,species,0.72
OTU_9468,,Cnidaria,phylum,0.99,Hydrozoa,class,0.98,Leptothecata,order,0.48,Campanulariidae,family,0.48,Clytia,genus,0.2,Clytia elsaeoswaldae,species,0.16
OTU_9620,,Arthropoda,phylum,0.99,Insecta,class,0.99,Hymenoptera,order,0.93,Formicidae,family,0.93,Pheidole,genus,0.8,Pheidole quadrensis,species,0.39
OTU_10517,,Arthropoda,phylum,0.99,Insecta,class,0.99,Diptera,order,0.8,Chironomidae,family,0.43,Axarus,genus,0.09,Axarus festivus,species,0.09
OTU_11025,,Cnidaria,phylum,0.99,Hydrozoa,class,0.99,Siphonophorae,order,0.95,Physaliidae,family,0.94,Physalia,genus,0.94,Physalia physalis,species,0.94
OTU_11215,,Porifera,phylum,0.99,Demospongiae,class,0.99,Dendroceratida,order,0.99,Dictyodendrillidae,family,0.67,Igernella,genus,0.67,Igernella notabilis,species,0.67
OTU_16045,,Chordata,phylum,0.99,Ascidiacea,class,0.99,Stolidobranchia,order,0.99,Styelidae,family,0.99,Botryllus,genus,0.99,Botryllus schlosseri,species,0.99
OTU_16097,,Mollusca,phylum,0.99,Gastropoda,class,,,,0.98,Naticidae,family,0.19,Polinices,genus,0.19,Polinices sagamiensis,species,0.19
OTU_18449,,Rotifera,phylum,0.99,Bdelloidea,class,,,,,,,0.99,Rotaria,genus,0.99,Rotaria rotatoria,species,0.99
OTU_48,,Arthropoda,phylum,0.98,Maxillopoda,class,0.35,Calanoida,order,0.35,Paracalanidae,family,0.18,Acrocalanus,genus,0.13,Acrocalanus longicornis,species,0.11
OTU_165,,Arthropoda,phylum,0.98,Maxillopoda,class,0.93,Calanoida,order,0.93,Paracalanidae,family,0.92,Paracalanus,genus,0.91,Paracalanus parvus,species,0.91
OTU_348,,Arthropoda,phylum,0.98,Maxillopoda,class,0.31,Calanoida,order,0.3,Paracalanidae,family,0.13,Acrocalanus,genus,0.12,Acrocalanus longicornis,species,0.1
OTU_458,,Arthropoda,phylum,0.98,Maxillopoda,class,0.94,Calanoida,order,0.94,Paracalanidae,family,0.93,Paracalanus,genus,0.89,Paracalanus parvus,species,0.89
OTU_1287,,Mollusca,phylum,0.98,Gastropoda,class,,,,0.95,Assimineidae,family,0.23,Assiminea,genus,0.11,Assiminea capensis,species,0.05
OTU_1902,,Porifera,phylum,0.98,Demospongiae,class,0.98,Haplosclerida,order,0.98,Niphatidae,family,0.63,Hemigellius,genus,0.59,Hemigellius pilosus,species,0.58
OTU_1977,,Annelida,phylum,0.98,Polychaeta,class,0.98,Phyllodocida,order,0.98,Nereididae,family,0.97,Platynereis,genus,0.97,Platynereis massiliensis,species,0.91
OTU_2975,,Arthropoda,phylum,0.98,Insecta,class,0.97,Diptera,order,0.82,Chironomidae,family,0.62,Chironomus,genus,0.42,Chironomus pseudothummi,species,0.14
OTU_3250,,Cnidaria,phylum,0.98,Hydrozoa,class,0.98,Leptothecata,order,0.54,Campanulariidae,family,0.49,Orthopyxis,genus,0.2,Orthopyxis integra,species,0.2
OTU_3380,,Porifera,phylum,0.98,Demospongiae,class,0.98,Hadromerida,order,0.47,Suberitidae,family,0.46,Terpios,genus,0.29,Terpios hoshinota,species,0.29
OTU_3452,,Arthropoda,phylum,0.98,Maxillopoda,class,0.77,Calanoida,order,0.77,Paracalanidae,family,0.67,Bestiolina,genus,0.61,Bestiolina similis,species,0.61
OTU_4115,,Arthropoda,phylum,0.98,Insecta,class,0.94,Lepidoptera,order,0.64,Riodinidae,family,0.07,Dicallaneura,genus,0.06,Dicallaneura tennenti,species,0.02
OTU_4184,,Mollusca,phylum,0.98,Gastropoda,class,0.98,Planorbidae,,,,family,0.98,Bulinus,genus,0.98,Bulinus umbilicatus,species,0.98
OTU_4905,,Rotifera,phylum,0.98,Bdelloidea,class,0.98,Philodinida,order,0.66,Philodinidae,family,0.61,Philodina,genus,0.55,Philodina roseola,species,0.55
OTU_4965,,Cnidaria,phylum,0.98,Hydrozoa,class,0.98,Leptothecata,order,0.95,Campanulariidae,family,0.95,Clytia,genus,0.75,Clytia gracilis,species,0.72
OTU_5471,,Chordata,phylum,0.98,Ascidiacea,class,0.98,Stolidobranchia,order,0.98,Pyuridae,family,0.97,Pyura,genus,0.96,Pyura herdmani,species,0.96
OTU_5757,,Cnidaria,phylum,0.98,Hydrozoa,class,0.96,Siphonophorae,order,0.72,Apolemiidae,family,0.45,Apolemia,genus,0.45,Apolemia lanosa,species,0.45
OTU_6579,,Arthropoda,phylum,0.98,Maxillopoda,class,0.94,Sessilia,order,0.94,Balanidae,family,0.94,Amphibalanus,genus,0.93,Amphibalanus amphitrite,species,0.93
OTU_7546,,Cnidaria,phylum,0.98,Hydrozoa,class,0.98,Leptothecata,order,0.97,Campanulariidae,family,0.97,Clytia,genus,0.65,Clytia gracilis,species,0.6
OTU_7788,,Cnidaria,phylum,0.98,Hydrozoa,class,0.96,Leptothecata,order,0.6,Campanulariidae,family,0.57,Campanularia,genus,0.17,Campanularia volubilis,species,0.17
OTU_8024,,Mollusca,phylum,0.98,Gastropoda,class,,,,0.98,Aplysiidae,family,0.94,Aplysia,genus,0.94,Aplysia parvula,species,0.73
OTU_9867,,Mollusca,phylum,0.98,Gastropoda,class,,,,0.98,Naticidae,family,0.25,Polinices,genus,0.25,Polinices sagamiensis,species,0.25
OTU_12126,,Cnidaria,phylum,0.98,Hydrozoa,class,0.97,Leptothecata,order,0.58,Haleciidae,family,0.23,Halecium,genus,0.23,Halecium halecinum,species,0.23
OTU_12402,,Mollusca,phylum,0.98,Gastropoda,class,,,,0.98,Naticidae,family,0.25,Polinices,genus,0.24,Polinices sagamiensis,species,0.24
OTU_14676,,Annelida,phylum,0.98,Haplotaxida,,,,order,0.98,Naididae,family,0.98,Tubificoides,genus,0.98,Tubificoides imajimai,species,0.96
OTU_15634,,Arthropoda,phylum,0.98,Insecta,class,0.98,Hemiptera,order,0.87,Halimococcidae,family,0.87,Colobopyga,genus,0.87,Colobopyga pritchardiae,species,0.87
OTU_16123,,Arthropoda,phylum,0.98,Insecta,class,0.94,Coleoptera,order,0.57,Coccinellidae,family,0.35,Harmonia,genus,0.08,Harmonia sedecimnotata,species,0.06
OTU_16955,,Mollusca,phylum,0.98,Gastropoda,class,,,,0.98,Buccinidae,family,0.2,Manaria,genus,0.03,Manaria kuroharai,species,0.03
OTU_17673,,Arthropoda,phylum,0.98,Malacostraca,class,0.86,Decapoda,order,0.86,Sesarmidae,family,0.72,Sesarma,genus,0.64,Sesarma reticulatum,species,0.64
OTU_19440,,Arthropoda,phylum,0.98,Insecta,class,0.95,Hymenoptera,order,0.7,Dryinidae,family,0.48,Gonatopus,genus,0.48,Gonatopus clavipes,species,0.42