,RowID,OTU,assignmentQual,taxID,superkingdom,phylum,class,order,family,genus,species,Status,AphiaID,Match type,Qualitystatus,ScientificName,AphiaID_accepted,ScientificName_accepted,Kingdom,Phylum,Class,Order,Family,Genus,Subgenus,Species,Subspecies,Citation
34,1005,OTU_1014,High,77300,Eukaryota,,Dinophyceae,Gymnodiniales,Gymnodiniaceae,Margalefidinium,Margalefidinium polykrikoides,uncertain,990876,exact,Checked by Taxonomic Editor,Margalefidinium polykrikoides,990876,Margalefidinium polykrikoides,Chromista,Myzozoa,Dinophyceae,Gymnodiniales,Gymnodiniaceae,Margalefidinium,,polykrikoides,,"Guiry, M.D. & Guiry, G.M. (2019). AlgaeBase. World-wide electronic publication, National University of Ireland, Galway (taxonomic information republished from AlgaeBase with permission of M.D. Guiry). Margalefidinium polykrikoides (Margalef) F.Gómez, Richlen & D.M.Anderson, 2017. Accessed through: World Register of Marine Species at: http://www.marinespecies.org/aphia.php?p=taxdetails&id=990876 on 2020-01-16"
69,1020,OTU_1029,High,39450,Eukaryota,,Dinophyceae,Prorocentrales,Prorocentraceae,Prorocentrum,Prorocentrum triestinum,uncertain,110316,exact,Checked by Taxonomic Editor,Prorocentrum triestinum,110316,Prorocentrum triestinum,Chromista,Myzozoa,Dinophyceae,Prorocentrales,Prorocentraceae,Prorocentrum,,triestinum,,"Guiry, M.D. & Guiry, G.M. (2020). AlgaeBase. World-wide electronic publication, National University of Ireland, Galway (taxonomic information republished from AlgaeBase with permission of M.D. Guiry). Prorocentrum triestinum J.Schiller, 1918. Accessed through: World Register of Marine Species at: http://www.marinespecies.org/aphia.php?p=taxdetails&id=110316 on 2020-01-16"
79,1026,OTU_1035,High,1562161,Eukaryota,Arthropoda,Hexanauplia,Sessilia,Balanidae,Perforatus,Perforatus perforatus,,,,,,,,,,,,,,,,,
140,1059,OTU_1068,High,1073398,Eukaryota,Bacillariophyta,Bacillariophyceae,Bacillariales,Bacillariaceae,Pseudo-nitzschia,Pseudo-nitzschia circumpora,,,,,,,,,,,,,,,,,
148,1063,OTU_1072,High,1562161,Eukaryota,Arthropoda,Hexanauplia,Sessilia,Balanidae,Perforatus,Perforatus perforatus,,,,,,,,,,,,,,,,,
175,10669,OTU_10819,High,1577906,Eukaryota,Bacillariophyta,Bacillariophyceae,Naviculales,Berkeleyaceae,Berkeleya,Berkeleya fennica,,,,,,,,,,,,,,,,,
202,10810,OTU_10960,High,1167209,Eukaryota,Annelida,Polychaeta,Spionida,Spionidae,Polydora,Polydora websteri,uncertain,153847,exact,Checked by Taxonomic Editor,Polydora websteri,153847,Polydora websteri,Animalia,Annelida,Polychaeta,Spionida,Spionidae,Polydora,,websteri,,"Read, G.; Fauchald, K. (Ed.) (2020). World Polychaeta database. Polydora websteri Hartman in Loosanoff & Engle, 1943. Accessed through: World Register of Marine Species at: http://www.marinespecies.org/aphia.php?p=taxdetails&id=153847 on 2020-01-16"
207,11,OTU_11,High,744985,Bacteria,Proteobacteria,Alphaproteobacteria,Pelagibacterales,Pelagibacteraceae,,alpha proteobacterium HIMB59,,,,,,,,,,,,,,,,,
243,11104,OTU_11257,High,308594,Eukaryota,Cnidaria,Hydrozoa,Leptothecata,Kirchenpaueriidae,Kirchenpaueria,Kirchenpaueria halecioides,,,,,,,,,,,,,,,,,
266,1127,OTU_1137,High,2903,Eukaryota,,Haptophyceae,Isochrysidales,Noelaerhabdaceae,Emiliania,Emiliania huxleyi,,,,,,,,,,,,,,,,,
286,1134,OTU_1146,High,298899,Eukaryota,Rhodophyta,Bangiophyceae,Bangiales,Bangiaceae,Porphyra,Porphyra capensis,,,,,,,,,,,,,,,,,
325,11556,OTU_11719,High,97227,Eukaryota,Bacillariophyta,Bacillariophyceae,Cymbellales,Gomphonemataceae,Gomphonema,Gomphonema parvulum,,,,,,,,,,,,,,,,,
331,1162,OTU_1174,High,2202240,Eukaryota,Rhodophyta,Florideophyceae,Ceramiales,Rhodomelaceae,Streblocladia,Streblocladia camptoclada,,,,,,,,,,,,,,,,,
351,119,OTU_119,High,186178,Eukaryota,Arthropoda,Branchiopoda,Diplostraca,Podonidae,Pleopis,Pleopis polyphemoides,,,,,,,,,,,,,,,,,
396,1196,OTU_1209,High,77300,Eukaryota,,Dinophyceae,Gymnodiniales,Gymnodiniaceae,Margalefidinium,Margalefidinium polykrikoides,uncertain,990876,exact,Checked by Taxonomic Editor,Margalefidinium polykrikoides,990876,Margalefidinium polykrikoides,Chromista,Myzozoa,Dinophyceae,Gymnodiniales,Gymnodiniaceae,Margalefidinium,,polykrikoides,,"Guiry, M.D. & Guiry, G.M. (2019). AlgaeBase. World-wide electronic publication, National University of Ireland, Galway (taxonomic information republished from AlgaeBase with permission of M.D. Guiry). Margalefidinium polykrikoides (Margalef) F.Gómez, Richlen & D.M.Anderson, 2017. Accessed through: World Register of Marine Species at: http://www.marinespecies.org/aphia.php?p=taxdetails&id=990876 on 2020-01-16"
400,121,OTU_121,High,298899,Eukaryota,Rhodophyta,Bangiophyceae,Bangiales,Bangiaceae,Porphyra,Porphyra capensis,,,,,,,,,,,,,,,,,
422,1215,OTU_1228,High,29158,Eukaryota,Mollusca,Bivalvia,Mytiloida,Mytilidae,Mytilus,Mytilus galloprovincialis,nonnative,140481,exact,Checked by Taxonomic Editor,Mytilus galloprovincialis,140481,Mytilus galloprovincialis,Animalia,Mollusca,Bivalvia,Mytilida,Mytilidae,Mytilus,,galloprovincialis,,"MolluscaBase eds. (2020). MolluscaBase. Mytilus galloprovincialis Lamarck, 1819. Accessed through: World Register of Marine Species at: http://www.marinespecies.org/aphia.php?p=taxdetails&id=140481 on 2020-01-16"
446,1233,OTU_1246,High,544689,Eukaryota,Arthropoda,Hexanauplia,Calanoida,Centropagidae,Centropages,Centropages tenuiremis,,,,,,,,,,,,,,,,,
447,1234,OTU_1247,High,39450,Eukaryota,,Dinophyceae,Prorocentrales,Prorocentraceae,Prorocentrum,Prorocentrum triestinum,uncertain,110316,exact,Checked by Taxonomic Editor,Prorocentrum triestinum,110316,Prorocentrum triestinum,Chromista,Myzozoa,Dinophyceae,Prorocentrales,Prorocentraceae,Prorocentrum,,triestinum,,"Guiry, M.D. & Guiry, G.M. (2020). AlgaeBase. World-wide electronic publication, National University of Ireland, Galway (taxonomic information republished from AlgaeBase with permission of M.D. Guiry). Prorocentrum triestinum J.Schiller, 1918. Accessed through: World Register of Marine Species at: http://www.marinespecies.org/aphia.php?p=taxdetails&id=110316 on 2020-01-16"
471,1247,OTU_1260,High,118375,Eukaryota,Rhodophyta,Florideophyceae,Halymeniales,Halymeniaceae,Grateloupia,Grateloupia turuturu,uncertain,295880,exact,Checked by Taxonomic Editor,Grateloupia turuturu,295880,Grateloupia turuturu,Plantae,Rhodophyta,Florideophyceae,Halymeniales,Halymeniaceae,Grateloupia,,turuturu,,"Guiry, M.D. & Guiry, G.M. (2020). AlgaeBase. World-wide electronic publication, National University of Ireland, Galway (taxonomic information republished from AlgaeBase with permission of M.D. Guiry). Grateloupia turuturu Yamada, 1941. Accessed through: World Register of Marine Species at: http://www.marinespecies.org/aphia.php?p=taxdetails&id=295880 on 2020-01-16"
479,1257,OTU_1270,High,2903,Eukaryota,,Haptophyceae,Isochrysidales,Noelaerhabdaceae,Emiliania,Emiliania huxleyi,,,,,,,,,,,,,,,,,
482,1261,OTU_1274,High,1664502,Eukaryota,Bacillariophyta,Bacillariophyceae,Bacillariales,Bacillariaceae,Pseudo-nitzschia,Pseudo-nitzschia sabit,,,,,,,,,,,,,,,,,
496,1270,OTU_1283,High,744985,Bacteria,Proteobacteria,Alphaproteobacteria,Pelagibacterales,Pelagibacteraceae,,alpha proteobacterium HIMB59,,,,,,,,,,,,,,,,,
595,1354,OTU_1367,High,77300,Eukaryota,,Dinophyceae,Gymnodiniales,Gymnodiniaceae,Margalefidinium,Margalefidinium polykrikoides,uncertain,990876,exact,Checked by Taxonomic Editor,Margalefidinium polykrikoides,990876,Margalefidinium polykrikoides,Chromista,Myzozoa,Dinophyceae,Gymnodiniales,Gymnodiniaceae,Margalefidinium,,polykrikoides,,"Guiry, M.D. & Guiry, G.M. (2019). AlgaeBase. World-wide electronic publication, National University of Ireland, Galway (taxonomic information republished from AlgaeBase with permission of M.D. Guiry). Margalefidinium polykrikoides (Margalef) F.Gómez, Richlen & D.M.Anderson, 2017. Accessed through: World Register of Marine Species at: http://www.marinespecies.org/aphia.php?p=taxdetails&id=990876 on 2020-01-16"
598,1358,OTU_1371,High,1273208,Eukaryota,Mollusca,Gastropoda,Littorinimorpha,Assimineidae,Assiminea,Assiminea capensis,,,,,,,,,,,,,,,,,
624,1380,OTU_1393,High,2903,Eukaryota,,Haptophyceae,Isochrysidales,Noelaerhabdaceae,Emiliania,Emiliania huxleyi,,,,,,,,,,,,,,,,,
633,13738,OTU_13957,High,54899,Eukaryota,Ascomycota,Sordariomycetes,Diaporthales,Diaporthaceae,Diaporthe,Diaporthe longicolla,,,,,,,,,,,,,,,,,
638,14,OTU_14,High,298899,Eukaryota,Rhodophyta,Bangiophyceae,Bangiales,Bangiaceae,Porphyra,Porphyra capensis,,,,,,,,,,,,,,,,,
663,1405,OTU_1419,High,1415943,Eukaryota,Mollusca,Gastropoda,Cephalaspidea,Haminoeidae,Haminoea,Haminoea alfredensis,,,,,,,,,,,,,,,,,
668,1410,OTU_1424,High,1664502,Eukaryota,Bacillariophyta,Bacillariophyceae,Bacillariales,Bacillariaceae,Pseudo-nitzschia,Pseudo-nitzschia sabit,,,,,,,,,,,,,,,,,
680,1426,OTU_1440,High,62808,Eukaryota,Chordata,Ascidiacea,Stolidobranchia,Styelidae,Botrylloides,Botrylloides leachii,nonnative,250081,exact,Checked by Taxonomic Editor,Botrylloides leachii,250081,Botrylloides leachii,Animalia,Chordata,Ascidiacea,Stolidobranchia,Styelidae,Botrylloides,,leachii,,"Shenkar, N.; Gittenberger, A.; Lambert, G.; Rius, M.; Moreira da Rocha, R.; Swalla, B.J.; Turon, X. (2020). Ascidiacea World Database. Botrylloides leachii (Savigny, 1816). Accessed through: World Register of Marine Species at: http://www.marinespecies.org/aphia.php?p=taxdetails&id=250081 on 2020-01-16"
724,1454,OTU_1468,High,451786,Eukaryota,Bacillariophyta,Coscinodiscophyceae,Chaetocerotales,Attheyaceae,Attheya,Attheya longicornis,,,,,,,,,,,,,,,,,
752,15,OTU_15,High,38833,Eukaryota,Chlorophyta,Mamiellophyceae,Mamiellales,Mamiellaceae,Micromonas,Micromonas pusilla,,,,,,,,,,,,,,,,,
755,1493,OTU_1507,High,439822,Eukaryota,Chordata,Ascidiacea,Stolidobranchia,Pyuridae,Microcosmus,Microcosmus squamiger,nonnative,236666,exact,Checked by Taxonomic Editor,Microcosmus squamiger,236666,Microcosmus squamiger,Animalia,Chordata,Ascidiacea,Stolidobranchia,Pyuridae,Microcosmus,,squamiger,,"Shenkar, N.; Gittenberger, A.; Lambert, G.; Rius, M.; Moreira da Rocha, R.; Swalla, B.J.; Turon, X. (2020). Ascidiacea World Database. Microcosmus squamiger Michaelsen, 1927. Accessed through: World Register of Marine Species at: http://www.marinespecies.org/aphia.php?p=taxdetails&id=236666 on 2020-01-16"
763,1502,OTU_1516,High,33659,Eukaryota,,Haptophyceae,Phaeocystales,Phaeocystaceae,Phaeocystis,Phaeocystis pouchetii,uncertain,115106,exact,Checked by Taxonomic Editor,Phaeocystis pouchetii,115106,Phaeocystis pouchetii,Chromista,Haptophyta,Prymnesiophyceae,Phaeocystales,Phaeocystaceae,Phaeocystis,,pouchetii,,"Guiry, M.D. & Guiry, G.M. (2020). AlgaeBase. World-wide electronic publication, National University of Ireland, Galway (taxonomic information republished from AlgaeBase with permission of M.D. Guiry). Phaeocystis pouchetii (Hariot) Lagerheim, 1896. Accessed through: World Register of Marine Species at: http://www.marinespecies.org/aphia.php?p=taxdetails&id=115106 on 2020-01-16"
799,1540,OTU_1555,High,348593,Eukaryota,Mollusca,Bivalvia,Ostreoida,Ostreidae,Ostrea,Ostrea stentina,nonnative,489077,exact,Checked by Taxonomic Editor,Ostrea stentina,489077,Ostrea stentina,Animalia,Mollusca,Bivalvia,Ostreida,Ostreidae,Ostrea,,stentina,,"MolluscaBase eds. (2020). MolluscaBase. Ostrea stentina Payraudeau, 1826. Accessed through: World Register of Marine Species at: http://marinespecies.org/aphia.php?p=taxdetails&id=489077 on 2020-01-16"
803,155,OTU_156,High,756461,Eukaryota,Arthropoda,Hexanauplia,Sessilia,Balanidae,Balanus,Balanus trigonus,nonnative,106223,exact,Checked by Taxonomic Editor,Balanus trigonus,106223,Balanus trigonus,Animalia,Arthropoda,Hexanauplia,Sessilia,Balanidae,Balanus,,trigonus,,"WoRMS (2020). Balanus trigonus Darwin, 1854. Accessed at: http://marinespecies.org/aphia.php?p=taxdetails&id=106223 on 2020-01-16"
813,1557,OTU_1572,High,7726,Eukaryota,Chordata,Ascidiacea,Stolidobranchia,Styelidae,Styela,Styela plicata,nonnative,103936,exact,Checked by Taxonomic Editor,Styela plicata,103936,Styela plicata,Animalia,Chordata,Ascidiacea,Stolidobranchia,Styelidae,Styela,,plicata,,"Shenkar, N.; Gittenberger, A.; Lambert, G.; Rius, M.; Moreira da Rocha, R.; Swalla, B.J.; Turon, X. (2020). Ascidiacea World Database. Styela plicata (Lesueur, 1823). Accessed through: World Register of Marine Species at: http://www.marinespecies.org/aphia.php?p=taxdetails&id=103936 on 2020-01-16"
890,165,OTU_166,High,94617,Eukaryota,,Raphidophyceae,Chattonellales,Chattonellaceae,Fibrocapsa,Fibrocapsa japonica,nonnative,233761,exact,Checked by Taxonomic Editor,Fibrocapsa japonica,233761,Fibrocapsa japonica,Chromista,Ochrophyta,Raphidophyceae,Chattonellales,Chattonellaceae,Fibrocapsa,,japonica,,"Guiry, M.D. & Guiry, G.M. (2020). AlgaeBase. World-wide electronic publication, National University of Ireland, Galway (taxonomic information republished from AlgaeBase with permission of M.D. Guiry). Fibrocapsa japonica S.Toriumi & H.Takano, 1973. Accessed through: World Register of Marine Species at: http://www.marinespecies.org/aphia.php?p=taxdetails&id=233761 on 2020-01-16"
905,1663,OTU_1679,High,62808,Eukaryota,Chordata,Ascidiacea,Stolidobranchia,Styelidae,Botrylloides,Botrylloides leachii,nonnative,250081,exact,Checked by Taxonomic Editor,Botrylloides leachii,250081,Botrylloides leachii,Animalia,Chordata,Ascidiacea,Stolidobranchia,Styelidae,Botrylloides,,leachii,,"Shenkar, N.; Gittenberger, A.; Lambert, G.; Rius, M.; Moreira da Rocha, R.; Swalla, B.J.; Turon, X. (2020). Ascidiacea World Database. Botrylloides leachii (Savigny, 1816). Accessed through: World Register of Marine Species at: http://www.marinespecies.org/aphia.php?p=taxdetails&id=250081 on 2020-01-16"
908,1667,OTU_1683,High,37520,Eukaryota,Cnidaria,Hydrozoa,Leptothecata,Campanulariidae,Obelia,Obelia dichotoma,nonnative,117386,exact,Checked by Taxonomic Editor,Obelia dichotoma,117386,Obelia dichotoma,Animalia,Cnidaria,Hydrozoa,Leptothecata,Campanulariidae,Obelia,,dichotoma,,"Schuchert, P. (2020). World Hydrozoa Database. Obelia dichotoma (Linnaeus, 1758). Accessed through: World Register of Marine Species at: http://marinespecies.org/aphia.php?p=taxdetails&id=117386 on 2020-01-16"
924,17,OTU_17,High,33640,Eukaryota,Bacillariophyta,Fragilariophyceae,Fragilariales,Fragilariaceae,Asterionellopsis,Asterionellopsis glacialis,uncertain,149139,exact,Edited by Database Management Team,Asterionellopsis glacialis,148955,Asterionella glacialis,Chromista,Ochrophyta,Bacillariophyceae,Fragilariales,Fragilariaceae,Asterionellopsis,,glacialis,,"Kociolek, J.P.; Balasubramanian, K.; Blanco, S.; Coste, M.; Ector, L.; Liu, Y.; Kulikovskiy, M.; Lundholm, N.; Ludwig, T.; Potapova, M.; Rimet, F.; Sabbe, K.; Sala, S.; Sar, E.; Taylor, J.; Van de Vijver, B.; Wetzel, C.E.; Williams, D.M.; Witkowski, A.; Witkowski, J. (2020). DiatomBase. Asterionellopsis glacialis (Castracane) Round, 1990. Accessed through: World Register of Marine Species at: http://www.marinespecies.org/aphia.php?p=taxdetails&id=149139 on 2020-01-16"
926,1685,OTU_1701,High,156133,Eukaryota,Chlorophyta,Palmophyllophyceae,Prasinococcales,Prasinococcaceae,Prasinoderma,Prasinoderma coloniale,,,,,,,,,,,,,,,,,
941,171,OTU_172,High,498525,Eukaryota,Cnidaria,Hydrozoa,Anthoathecata,Corymorphidae,Corymorpha,Corymorpha bigelowi,native,117448,exact,Checked by Taxonomic Editor,Corymorpha bigelowi,117448,Corymorpha bigelowi,Animalia,Cnidaria,Hydrozoa,Anthoathecata,Corymorphidae,Corymorpha,,bigelowi,,"Schuchert, P. (2019). World Hydrozoa Database. Corymorpha bigelowi (Maas, 1905). Accessed through: World Register of Marine Species at: http://www.marinespecies.org/aphia.php?p=taxdetails&id=117448 on 2020-01-16"
949,172,OTU_173,High,756461,Eukaryota,Arthropoda,Hexanauplia,Sessilia,Balanidae,Balanus,Balanus trigonus,nonnative,106223,exact,Checked by Taxonomic Editor,Balanus trigonus,106223,Balanus trigonus,Animalia,Arthropoda,Hexanauplia,Sessilia,Balanidae,Balanus,,trigonus,,"WoRMS (2020). Balanus trigonus Darwin, 1854. Accessed at: http://marinespecies.org/aphia.php?p=taxdetails&id=106223 on 2020-01-16"
968,1741,OTU_1757,High,33658,Eukaryota,,Haptophyceae,Phaeocystales,Phaeocystaceae,Phaeocystis,Phaeocystis globosa,,,,,,,,,,,,,,,,,
974,1746,OTU_1762,High,1495204,Eukaryota,Annelida,Polychaeta,Spionida,Spionidae,Polydora,Polydora hoplura,uncertain,131146,exact,Checked by Taxonomic Editor,Polydora hoplura,131146,Polydora hoplura,Animalia,Annelida,Polychaeta,Spionida,Spionidae,Polydora,,hoplura,,"Read, G.; Fauchald, K. (Ed.) (2020). World Polychaeta database. Polydora hoplura Claparède, 1868. Accessed through: World Register of Marine Species at: http://www.marinespecies.org/aphia.php?p=taxdetails&id=131146 on 2020-01-16"
976,1748,OTU_1764,High,661990,Eukaryota,Cnidaria,Hydrozoa,Leptothecata,Campanulariidae,Eucheilota,Eucheilota maculata,,,,,,,,,,,,,,,,,
980,176,OTU_177,High,1470270,Eukaryota,Bacillariophyta,Fragilariophyceae,Fragilariales,Fragilariaceae,Asterionellopsis,Asterionellopsis lenisilicea,,,,,,,,,,,,,,,,,
1043,1850,OTU_1867,High,1388884,Eukaryota,Bacillariophyta,Bacillariophyceae,Bacillariales,Bacillariaceae,Pseudo-nitzschia,Pseudo-nitzschia lundholmiae,,,,,,,,,,,,,,,,,
1062,1881,OTU_1898,High,373637,Eukaryota,Mollusca,Bivalvia,Mytiloida,Mytilidae,Aulacomya,Aulacomya atra,native,505963,exact,Checked by Taxonomic Editor,Aulacomya atra,505963,Aulacomya atra,Animalia,Mollusca,Bivalvia,Mytilida,Mytilidae,Aulacomya,,atra,,"MolluscaBase eds. (2020). MolluscaBase. Aulacomya atra (Molina, 1782). Accessed through: World Register of Marine Species at: http://marinespecies.org/aphia.php?p=taxdetails&id=505963 on 2020-01-16"
1079,1904,OTU_1922,High,37520,Eukaryota,Cnidaria,Hydrozoa,Leptothecata,Campanulariidae,Obelia,Obelia dichotoma,nonnative,117386,exact,Checked by Taxonomic Editor,Obelia dichotoma,117386,Obelia dichotoma,Animalia,Cnidaria,Hydrozoa,Leptothecata,Campanulariidae,Obelia,,dichotoma,,"Schuchert, P. (2020). World Hydrozoa Database. Obelia dichotoma (Linnaeus, 1758). Accessed through: World Register of Marine Species at: http://marinespecies.org/aphia.php?p=taxdetails&id=117386 on 2020-01-16"
1097,1925,OTU_1943,High,479643,Eukaryota,Porifera,Demospongiae,Dendroceratida,Dictyodendrillidae,Igernella,Igernella notabilis,,,,,,,,,,,,,,,,,
1155,1996,OTU_2014,High,2903,Eukaryota,,Haptophyceae,Isochrysidales,Noelaerhabdaceae,Emiliania,Emiliania huxleyi,,,,,,,,,,,,,,,,,
1167,2015,OTU_2033,High,469330,Eukaryota,Porifera,Demospongiae,Haplosclerida,Callyspongiidae,Callyspongia,Callyspongia siphonella,,,,,,,,,,,,,,,,,
1191,2047,OTU_2065,High,1273208,Eukaryota,Mollusca,Gastropoda,Littorinimorpha,Assimineidae,Assiminea,Assiminea capensis,,,,,,,,,,,,,,,,,
1192,2051,OTU_2069,High,2903,Eukaryota,,Haptophyceae,Isochrysidales,Noelaerhabdaceae,Emiliania,Emiliania huxleyi,,,,,,,,,,,,,,,,,
1193,205,OTU_207,High,38833,Eukaryota,Chlorophyta,Mamiellophyceae,Mamiellales,Mamiellaceae,Micromonas,Micromonas pusilla,,,,,,,,,,,,,,,,,
1195,2054,OTU_2072,High,1582912,Eukaryota,Rhodophyta,Florideophyceae,Acrochaetiales,Acrochaetiaceae,Acrochaetium,Acrochaetium plumosum,,,,,,,,,,,,,,,,,
1209,207,OTU_209,High,6230,Eukaryota,Nemertea,Enopla,Monostilifera,Emplectonematidae,Emplectonema,Emplectonema gracile,,,,,,,,,,,,,,,,,
1210,2072,OTU_2090,High,44447,Eukaryota,Bacillariophyta,Bacillariophyceae,Bacillariales,Bacillariaceae,Pseudo-nitzschia,Pseudo-nitzschia delicatissima,uncertain,149153,exact,Checked by Taxonomic Editor,Pseudo-nitzschia delicatissima,149153,Pseudo-nitzschia delicatissima,Chromista,Ochrophyta,Bacillariophyceae,Bacillariales,Bacillariaceae,Pseudo-nitzschia,,delicatissima,,"Kociolek, J.P.; Balasubramanian, K.; Blanco, S.; Coste, M.; Ector, L.; Liu, Y.; Kulikovskiy, M.; Lundholm, N.; Ludwig, T.; Potapova, M.; Rimet, F.; Sabbe, K.; Sala, S.; Sar, E.; Taylor, J.; Van de Vijver, B.; Wetzel, C.E.; Williams, D.M.; Witkowski, A.; Witkowski, J. (2020). DiatomBase. Pseudo-nitzschia delicatissima (Cleve) Heiden, 1928. Accessed through: World Register of Marine Species at: http://www.marinespecies.org/aphia.php?p=taxdetails&id=149153 on 2020-01-16"
1211,2074,OTU_2092,High,1476438,Eukaryota,Cnidaria,Hydrozoa,Leptothecata,Plumulariidae,Plumularia,Plumularia gaimardi,,,,,,,,,,,,,,,,,
1235,2110,OTU_2128,High,756461,Eukaryota,Arthropoda,Hexanauplia,Sessilia,Balanidae,Balanus,Balanus trigonus,nonnative,106223,exact,Checked by Taxonomic Editor,Balanus trigonus,106223,Balanus trigonus,Animalia,Arthropoda,Hexanauplia,Sessilia,Balanidae,Balanus,,trigonus,,"WoRMS (2020). Balanus trigonus Darwin, 1854. Accessed at: http://marinespecies.org/aphia.php?p=taxdetails&id=106223 on 2020-01-16"
1240,2118,OTU_2136,High,46524,Eukaryota,Echinodermata,Asteroidea,Valvatida,Asterinidae,Parvulastra,Parvulastra exigua,,,,,,,,,,,,,,,,,
1259,2148,OTU_2167,High,1664502,Eukaryota,Bacillariophyta,Bacillariophyceae,Bacillariales,Bacillariaceae,Pseudo-nitzschia,Pseudo-nitzschia sabit,,,,,,,,,,,,,,,,,
1268,216,OTU_218,High,223366,Eukaryota,Chordata,Ascidiacea,Enterogona,Ascidiidae,Ascidia,Ascidia ahodori,,,,,,,,,,,,,,,,,
1293,2191,OTU_2210,High,7726,Eukaryota,Chordata,Ascidiacea,Stolidobranchia,Styelidae,Styela,Styela plicata,nonnative,103936,exact,Checked by Taxonomic Editor,Styela plicata,103936,Styela plicata,Animalia,Chordata,Ascidiacea,Stolidobranchia,Styelidae,Styela,,plicata,,"Shenkar, N.; Gittenberger, A.; Lambert, G.; Rius, M.; Moreira da Rocha, R.; Swalla, B.J.; Turon, X. (2020). Ascidiacea World Database. Styela plicata (Lesueur, 1823). Accessed through: World Register of Marine Species at: http://www.marinespecies.org/aphia.php?p=taxdetails&id=103936 on 2020-01-16"
1332,2242,OTU_2261,High,298899,Eukaryota,Rhodophyta,Bangiophyceae,Bangiales,Bangiaceae,Porphyra,Porphyra capensis,,,,,,,,,,,,,,,,,
1341,2256,OTU_2275,High,33658,Eukaryota,,Haptophyceae,Phaeocystales,Phaeocystaceae,Phaeocystis,Phaeocystis globosa,,,,,,,,,,,,,,,,,
1352,2271,OTU_2290,High,4781,Eukaryota,,Oomycetes,Peronosporales,Peronosporaceae,Plasmopara,Plasmopara halstedii,,,,,,,,,,,,,,,,,
1369,2294,OTU_2313,High,37520,Eukaryota,Cnidaria,Hydrozoa,Leptothecata,Campanulariidae,Obelia,Obelia dichotoma,nonnative,117386,exact,Checked by Taxonomic Editor,Obelia dichotoma,117386,Obelia dichotoma,Animalia,Cnidaria,Hydrozoa,Leptothecata,Campanulariidae,Obelia,,dichotoma,,"Schuchert, P. (2020). World Hydrozoa Database. Obelia dichotoma (Linnaeus, 1758). Accessed through: World Register of Marine Species at: http://marinespecies.org/aphia.php?p=taxdetails&id=117386 on 2020-01-16"
1375,2306,OTU_2325,High,348593,Eukaryota,Mollusca,Bivalvia,Ostreoida,Ostreidae,Ostrea,Ostrea stentina,nonnative,489077,exact,Checked by Taxonomic Editor,Ostrea stentina,489077,Ostrea stentina,Animalia,Mollusca,Bivalvia,Ostreida,Ostreidae,Ostrea,,stentina,,"MolluscaBase eds. (2020). MolluscaBase. Ostrea stentina Payraudeau, 1826. Accessed through: World Register of Marine Species at: http://marinespecies.org/aphia.php?p=taxdetails&id=489077 on 2020-01-16"
1377,2310,OTU_2329,High,135651,Eukaryota,Nematoda,Chromadorea,Rhabditida,Rhabditidae,Caenorhabditis,Caenorhabditis brenneri,,,,,,,,,,,,,,,,,
1395,2339,OTU_2358,High,2893,Eukaryota,,Phaeophyceae,Ectocarpales,Scytosiphonaceae,Petalonia,Petalonia fascia,,,,,,,,,,,,,,,,,
1401,2347,OTU_2366,High,6063,Eukaryota,Porifera,Demospongiae,Suberitida,Halichondriidae,Halichondria,Halichondria panicea,,,,,,,,,,,,,,,,,
1460,2449,OTU_2469,High,201961,Eukaryota,Chordata,Ascidiacea,Enterogona,Ascidiidae,Ascidiella,Ascidiella aspersa,nonnative,103718,exact,Checked by Taxonomic Editor,Ascidiella aspersa,103718,Ascidiella aspersa,Animalia,Chordata,Ascidiacea,Phlebobranchia,Ascidiidae,Ascidiella,,aspersa,,"Shenkar, N.; Gittenberger, A.; Lambert, G.; Rius, M.; Moreira da Rocha, R.; Swalla, B.J.; Turon, X. (2020). Ascidiacea World Database. Ascidiella aspersa (Müller, 1776). Accessed through: World Register of Marine Species at: http://www.marinespecies.org/aphia.php?p=taxdetails&id=103718 on 2020-01-16"
1482,2479,OTU_2499,High,521029,Eukaryota,Chordata,Actinopteri,Clupeiformes,Clupeidae,Gilchristella,Gilchristella aestuaria,,,,,,,,,,,,,,,,,
1510,2516,OTU_2536,High,581059,Eukaryota,Chordata,Ascidiacea,Stolidobranchia,Styelidae,Polyandrocarpa,Polyandrocarpa zorritensis,nonnative,103895,exact,Checked by Taxonomic Editor,Polyandrocarpa zorritensis,103895,Polyandrocarpa zorritensis,Animalia,Chordata,Ascidiacea,Stolidobranchia,Styelidae,Polyandrocarpa,,zorritensis,,"Shenkar, N.; Gittenberger, A.; Lambert, G.; Rius, M.; Moreira da Rocha, R.; Swalla, B.J.; Turon, X. (2020). Ascidiacea World Database. Polyandrocarpa zorritensis (Van Name, 1931). Accessed through: World Register of Marine Species at: http://www.marinespecies.org/aphia.php?p=taxdetails&id=103895 on 2020-01-16"
1553,26,OTU_26,High,38833,Eukaryota,Chlorophyta,Mamiellophyceae,Mamiellales,Mamiellaceae,Micromonas,Micromonas pusilla,,,,,,,,,,,,,,,,,
1554,2580,OTU_2600,High,7658,Eukaryota,Echinodermata,Echinoidea,Echinoida,Echinidae,Parechinus,Parechinus angulosus,,,,,,,,,,,,,,,,,
1556,2582,OTU_2602,High,1476438,Eukaryota,Cnidaria,Hydrozoa,Leptothecata,Plumulariidae,Plumularia,Plumularia gaimardi,,,,,,,,,,,,,,,,,
1567,2598,OTU_2618,High,46524,Eukaryota,Echinodermata,Asteroidea,Valvatida,Asterinidae,Parvulastra,Parvulastra exigua,,,,,,,,,,,,,,,,,
1636,2695,OTU_2716,High,390825,Eukaryota,Mollusca,Bivalvia,Mytiloida,Mytilidae,Semimytilus,Semimytilus algosus,nonnative,224601,exact,Checked by Taxonomic Editor,Semimytilus algosus,224601,Semimytilus algosus,Animalia,Mollusca,Bivalvia,Mytilida,Mytilidae,Semimytilus,,algosus,,"MolluscaBase (2020). MolluscaBase. Semimytilus algosus (Gould, 1850). Accessed through: World Register of Marine Species at: http://www.marinespecies.org/aphia.php?p=taxdetails&id=224601 on 2020-01-16"
1640,2700,OTU_2721,High,1588884,Eukaryota,,Phaeophyceae,Ectocarpales,Chordariaceae,Zeacarpa,Zeacarpa leiomorpha,,,,,,,,,,,,,,,,,
1656,2728,OTU_2749,High,89947,Eukaryota,Chordata,Actinopteri,Gadiformes,Merlucciidae,Merluccius,Merluccius capensis,,,,,,,,,,,,,,,,,
1657,272,OTU_275,High,650517,Eukaryota,Rhodophyta,Florideophyceae,Corallinales,Corallinaceae,Amphiroa,Amphiroa beauvoisii,,,,,,,,,,,,,,,,,
1662,2734,OTU_2755,High,216823,Eukaryota,Bacillariophyta,Coscinodiscophyceae,Thalassiosirales,Skeletonemataceae,Skeletonema,Skeletonema menzelii,,,,,,,,,,,,,,,,,
1684,2761,OTU_2782,High,637417,Eukaryota,Arthropoda,Hexanauplia,Sessilia,Balanidae,Amphibalanus,Amphibalanus eburneus,uncertain,421138,exact,Checked by Taxonomic Editor,Amphibalanus eburneus,421138,Amphibalanus eburneus,Animalia,Arthropoda,Hexanauplia,Sessilia,Balanidae,Amphibalanus,,eburneus,,"WoRMS (2020). Amphibalanus eburneus (Gould, 1841). Accessed at: http://www.marinespecies.org/aphia.php?p=taxdetails&id=421138 on 2020-01-16"
1696,2781,OTU_2802,High,33659,Eukaryota,,Haptophyceae,Phaeocystales,Phaeocystaceae,Phaeocystis,Phaeocystis pouchetii,uncertain,115106,exact,Checked by Taxonomic Editor,Phaeocystis pouchetii,115106,Phaeocystis pouchetii,Chromista,Haptophyta,Prymnesiophyceae,Phaeocystales,Phaeocystaceae,Phaeocystis,,pouchetii,,"Guiry, M.D. & Guiry, G.M. (2020). AlgaeBase. World-wide electronic publication, National University of Ireland, Galway (taxonomic information republished from AlgaeBase with permission of M.D. Guiry). Phaeocystis pouchetii (Hariot) Lagerheim, 1896. Accessed through: World Register of Marine Species at: http://www.marinespecies.org/aphia.php?p=taxdetails&id=115106 on 2020-01-16"
1703,278,OTU_281,High,756461,Eukaryota,Arthropoda,Hexanauplia,Sessilia,Balanidae,Balanus,Balanus trigonus,nonnative,106223,exact,Checked by Taxonomic Editor,Balanus trigonus,106223,Balanus trigonus,Animalia,Arthropoda,Hexanauplia,Sessilia,Balanidae,Balanus,,trigonus,,"WoRMS (2020). Balanus trigonus Darwin, 1854. Accessed at: http://marinespecies.org/aphia.php?p=taxdetails&id=106223 on 2020-01-16"
1730,282,OTU_285,High,756461,Eukaryota,Arthropoda,Hexanauplia,Sessilia,Balanidae,Balanus,Balanus trigonus,nonnative,106223,exact,Checked by Taxonomic Editor,Balanus trigonus,106223,Balanus trigonus,Animalia,Arthropoda,Hexanauplia,Sessilia,Balanidae,Balanus,,trigonus,,"WoRMS (2020). Balanus trigonus Darwin, 1854. Accessed at: http://marinespecies.org/aphia.php?p=taxdetails&id=106223 on 2020-01-16"
1741,2852,OTU_2874,High,299206,Eukaryota,,Katablepharidophyta,,Katablepharidaceae,Leucocryptos,Leucocryptos marina,,,,,,,,,,,,,,,,,
1746,2862,OTU_2884,High,439822,Eukaryota,Chordata,Ascidiacea,Stolidobranchia,Pyuridae,Microcosmus,Microcosmus squamiger,nonnative,236666,exact,Checked by Taxonomic Editor,Microcosmus squamiger,236666,Microcosmus squamiger,Animalia,Chordata,Ascidiacea,Stolidobranchia,Pyuridae,Microcosmus,,squamiger,,"Shenkar, N.; Gittenberger, A.; Lambert, G.; Rius, M.; Moreira da Rocha, R.; Swalla, B.J.; Turon, X. (2020). Ascidiacea World Database. Microcosmus squamiger Michaelsen, 1927. Accessed through: World Register of Marine Species at: http://www.marinespecies.org/aphia.php?p=taxdetails&id=236666 on 2020-01-16"
1761,2883,OTU_2905,High,62808,Eukaryota,Chordata,Ascidiacea,Stolidobranchia,Styelidae,Botrylloides,Botrylloides leachii,nonnative,250081,exact,Checked by Taxonomic Editor,Botrylloides leachii,250081,Botrylloides leachii,Animalia,Chordata,Ascidiacea,Stolidobranchia,Styelidae,Botrylloides,,leachii,,"Shenkar, N.; Gittenberger, A.; Lambert, G.; Rius, M.; Moreira da Rocha, R.; Swalla, B.J.; Turon, X. (2020). Ascidiacea World Database. Botrylloides leachii (Savigny, 1816). Accessed through: World Register of Marine Species at: http://www.marinespecies.org/aphia.php?p=taxdetails&id=250081 on 2020-01-16"
1798,2940,OTU_2962,High,216823,Eukaryota,Bacillariophyta,Coscinodiscophyceae,Thalassiosirales,Skeletonemataceae,Skeletonema,Skeletonema menzelii,,,,,,,,,,,,,,,,,
1799,2941,OTU_2963,High,326253,Eukaryota,Rhodophyta,Florideophyceae,Ceramiales,Ceramiaceae,Carpoblepharis,Carpoblepharis flaccida,,,,,,,,,,,,,,,,,
1842,2993,OTU_3016,High,1970216,Eukaryota,Bryozoa,Gymnolaemata,Ctenostomatida,Vesiculariidae,Amathia,Amathia cf. gracilis AW-2014,uncertain,111022,exact,Checked by Taxonomic Editor,Amathia,111022,Amathia,Animalia,Bryozoa,Gymnolaemata,Ctenostomatida,Vesiculariidae,Amathia,,,,"Bock, P.; Gordon, D. (2020). World List of Bryozoa. Amathia Lamouroux, 1812. Accessed through: World Register of Marine Species at: http://www.marinespecies.org/aphia.php?p=taxdetails&id=111022 on 2020-01-16"
1880,3050,OTU_3076,High,390825,Eukaryota,Mollusca,Bivalvia,Mytiloida,Mytilidae,Semimytilus,Semimytilus algosus,nonnative,224601,exact,Checked by Taxonomic Editor,Semimytilus algosus,224601,Semimytilus algosus,Animalia,Mollusca,Bivalvia,Mytilida,Mytilidae,Semimytilus,,algosus,,"MolluscaBase (2020). MolluscaBase. Semimytilus algosus (Gould, 1850). Accessed through: World Register of Marine Species at: http://www.marinespecies.org/aphia.php?p=taxdetails&id=224601 on 2020-01-16"
1882,304,OTU_308,High,884090,Eukaryota,Rhodophyta,Florideophyceae,Ceramiales,Rhodomelaceae,Pterosiphonia,Pterosiphonia cloiophylla,,,,,,,,,,,,,,,,,
1897,306,OTU_310,High,35128,Eukaryota,Bacillariophyta,Coscinodiscophyceae,Thalassiosirales,Thalassiosiraceae,Thalassiosira,Thalassiosira pseudonana,uncertain,148934,exact,Edited by Database Management Team,Thalassiosira pseudonana,148934,Thalassiosira pseudonana,Chromista,Ochrophyta,Bacillariophyceae,Thalassiosirales,Thalassiosiraceae,Thalassiosira,,pseudonana,,"Kociolek, J.P.; Balasubramanian, K.; Blanco, S.; Coste, M.; Ector, L.; Liu, Y.; Kulikovskiy, M.; Lundholm, N.; Ludwig, T.; Potapova, M.; Rimet, F.; Sabbe, K.; Sala, S.; Sar, E.; Taylor, J.; Van de Vijver, B.; Wetzel, C.E.; Williams, D.M.; Witkowski, A.; Witkowski, J. (2020). DiatomBase. Thalassiosira pseudonana Hasle & Heimdal, 1970. Accessed through: World Register of Marine Species at: http://www.marinespecies.org/aphia.php?p=taxdetails&id=148934 on 2020-01-16"
1928,3121,OTU_3149,High,29158,Eukaryota,Mollusca,Bivalvia,Mytiloida,Mytilidae,Mytilus,Mytilus galloprovincialis,nonnative,140481,exact,Checked by Taxonomic Editor,Mytilus galloprovincialis,140481,Mytilus galloprovincialis,Animalia,Mollusca,Bivalvia,Mytilida,Mytilidae,Mytilus,,galloprovincialis,,"MolluscaBase eds. (2020). MolluscaBase. Mytilus galloprovincialis Lamarck, 1819. Accessed through: World Register of Marine Species at: http://www.marinespecies.org/aphia.php?p=taxdetails&id=140481 on 2020-01-16"
1940,3135,OTU_3163,High,1664502,Eukaryota,Bacillariophyta,Bacillariophyceae,Bacillariales,Bacillariaceae,Pseudo-nitzschia,Pseudo-nitzschia sabit,,,,,,,,,,,,,,,,,
1957,3161,OTU_3189,High,464988,Eukaryota,Cryptophyta,,Cryptomonadales,Hemiselmidaceae,Hemiselmis,Hemiselmis andersenii,,,,,,,,,,,,,,,,,
1992,3217,OTU_3245,High,367925,Eukaryota,Cnidaria,Hydrozoa,Anthoathecata,Rathkeidae,Rathkea,Rathkea octopunctata,,,,,,,,,,,,,,,,,
2019,3257,OTU_3286,High,316203,Eukaryota,Cnidaria,Hydrozoa,Siphonophorae,Diphyidae,Muggiaea,Muggiaea atlantica,native,135441,exact,Checked by Taxonomic Editor,Muggiaea atlantica,135441,Muggiaea atlantica,Animalia,Cnidaria,Hydrozoa,Siphonophorae,Diphyidae,Muggiaea,,atlantica,,"Schuchert, P. (2020). World Hydrozoa Database. Muggiaea atlantica Cunningham, 1892. Accessed through: World Register of Marine Species at: http://www.marinespecies.org/aphia.php?p=taxdetails&id=135441 on 2020-01-16"
2041,3285,OTU_3314,High,314517,Eukaryota,Cnidaria,Hydrozoa,Leptothecata,Campanulariidae,Obelia,Obelia bidentata,nonnative,117385,exact,Checked by Taxonomic Editor,Obelia bidentata,117385,Obelia bidentata,Animalia,Cnidaria,Hydrozoa,Leptothecata,Campanulariidae,Obelia,,bidentata,,"Schuchert, P. (2020). World Hydrozoa Database. Obelia bidentata Clark, 1875. Accessed through: World Register of Marine Species at: http://marinespecies.org/aphia.php?p=taxdetails&id=117385 on 2020-01-16"
2050,3296,OTU_3325,High,172976,Eukaryota,Rhodophyta,Florideophyceae,Gracilariales,Gracilariaceae,Gracilariopsis,Gracilariopsis longissima,native,146960,exact,Checked by Taxonomic Editor,Gracilariopsis longissima,146960,Gracilariopsis longissima,Plantae,Rhodophyta,Florideophyceae,Gracilariales,Gracilariaceae,Gracilariopsis,,longissima,,"Guiry, M.D. & Guiry, G.M. (2020). AlgaeBase. World-wide electronic publication, National University of Ireland, Galway (taxonomic information republished from AlgaeBase with permission of M.D. Guiry). Gracilariopsis longissima (S.G.Gmelin) Steentoft, L.M.Irvine & Farnham, 1995. Accessed through: World Register of Marine Species at: http://www.marinespecies.org/aphia.php?p=taxdetails&id=146960 on 2020-01-16"
2086,334,OTU_338,High,1141737,Eukaryota,Rhodophyta,Florideophyceae,Corallinales,Corallinaceae,Corallina,Corallina caespitosa,,,,,,,,,,,,,,,,,
2087,3351,OTU_3380,High,6063,Eukaryota,Porifera,Demospongiae,Suberitida,Halichondriidae,Halichondria,Halichondria panicea,,,,,,,,,,,,,,,,,
2093,3360,OTU_3389,High,390825,Eukaryota,Mollusca,Bivalvia,Mytiloida,Mytilidae,Semimytilus,Semimytilus algosus,nonnative,224601,exact,Checked by Taxonomic Editor,Semimytilus algosus,224601,Semimytilus algosus,Animalia,Mollusca,Bivalvia,Mytilida,Mytilidae,Semimytilus,,algosus,,"MolluscaBase (2020). MolluscaBase. Semimytilus algosus (Gould, 1850). Accessed through: World Register of Marine Species at: http://www.marinespecies.org/aphia.php?p=taxdetails&id=224601 on 2020-01-16"
2102,3370,OTU_3399,High,2893,Eukaryota,,Phaeophyceae,Ectocarpales,Scytosiphonaceae,Petalonia,Petalonia fascia,,,,,,,,,,,,,,,,,
2117,338,OTU_342,High,41875,Eukaryota,Chlorophyta,Mamiellophyceae,Mamiellales,Bathycoccaceae,Bathycoccus,Bathycoccus prasinos,,,,,,,,,,,,,,,,,
2136,3417,OTU_3447,High,990558,Eukaryota,Chordata,Actinopteri,Atheriniformes,Atherinidae,Atherina,Atherina breviceps,,,,,,,,,,,,,,,,,
2142,3424,OTU_3454,High,884090,Eukaryota,Rhodophyta,Florideophyceae,Ceramiales,Rhodomelaceae,Pterosiphonia,Pterosiphonia cloiophylla,,,,,,,,,,,,,,,,,
2144,3428,OTU_3458,High,265564,Eukaryota,Bacillariophyta,Coscinodiscophyceae,Thalassiosirales,Thalassiosiraceae,Thalassiosira,Thalassiosira punctigera,uncertain,148936,exact,Edited by Database Management Team,Thalassiosira punctigera,148941,Ethmodiscus punctiger,Chromista,Ochrophyta,Bacillariophyceae,Thalassiosirales,Thalassiosiraceae,Thalassiosira,,punctigera,,"Kociolek, J.P.; Balasubramanian, K.; Blanco, S.; Coste, M.; Ector, L.; Liu, Y.; Kulikovskiy, M.; Lundholm, N.; Ludwig, T.; Potapova, M.; Rimet, F.; Sabbe, K.; Sala, S.; Sar, E.; Taylor, J.; Van de Vijver, B.; Wetzel, C.E.; Williams, D.M.; Witkowski, A.; Witkowski, J. (2020). DiatomBase. Thalassiosira punctigera (Castracane) Hasle, 1983. Accessed through: World Register of Marine Species at: http://www.marinespecies.org/aphia.php?p=taxdetails&id=148936 on 2020-01-16"
2183,3472,OTU_3502,High,39447,Eukaryota,,Dinophyceae,Gymnodiniales,Gymnodiniaceae,Gymnodinium,Gymnodinium catenatum,nonnative,109784,exact,Checked by Taxonomic Editor,Gymnodinium catenatum,109784,Gymnodinium catenatum,Chromista,Myzozoa,Dinophyceae,Gymnodiniales,Gymnodiniaceae,Gymnodinium,,catenatum,,"Guiry, M.D. & Guiry, G.M. (2020). AlgaeBase. World-wide electronic publication, National University of Ireland, Galway (taxonomic information republished from AlgaeBase with permission of M.D. Guiry). Gymnodinium catenatum H.W.Graham, 1943. Accessed through: World Register of Marine Species at: http://www.marinespecies.org/aphia.php?p=taxdetails&id=109784 on 2020-01-16"
2197,348,OTU_352,High,110520,Eukaryota,Arthropoda,Hexanauplia,Sessilia,Balanidae,Balanus,Balanus glandula,native,394848,exact,Checked by Taxonomic Editor,Balanus glandula,394848,Balanus glandula,Animalia,Arthropoda,Hexanauplia,Sessilia,Balanidae,Balanus,,glandula,,"WoRMS (2020). Balanus glandula Darwin, 1854. Accessed at: http://www.marinespecies.org/aphia.php?p=taxdetails&id=394848 on 2020-01-16"
2201,3494,OTU_3524,High,38833,Eukaryota,Chlorophyta,Mamiellophyceae,Mamiellales,Mamiellaceae,Micromonas,Micromonas pusilla,,,,,,,,,,,,,,,,,
2215,3511,OTU_3541,High,201961,Eukaryota,Chordata,Ascidiacea,Enterogona,Ascidiidae,Ascidiella,Ascidiella aspersa,nonnative,103718,exact,Checked by Taxonomic Editor,Ascidiella aspersa,103718,Ascidiella aspersa,Animalia,Chordata,Ascidiacea,Phlebobranchia,Ascidiidae,Ascidiella,,aspersa,,"Shenkar, N.; Gittenberger, A.; Lambert, G.; Rius, M.; Moreira da Rocha, R.; Swalla, B.J.; Turon, X. (2020). Ascidiacea World Database. Ascidiella aspersa (Müller, 1776). Accessed through: World Register of Marine Species at: http://www.marinespecies.org/aphia.php?p=taxdetails&id=103718 on 2020-01-16"
2257,3569,OTU_3600,High,29158,Eukaryota,Mollusca,Bivalvia,Mytiloida,Mytilidae,Mytilus,Mytilus galloprovincialis,nonnative,140481,exact,Checked by Taxonomic Editor,Mytilus galloprovincialis,140481,Mytilus galloprovincialis,Animalia,Mollusca,Bivalvia,Mytilida,Mytilidae,Mytilus,,galloprovincialis,,"MolluscaBase eds. (2020). MolluscaBase. Mytilus galloprovincialis Lamarck, 1819. Accessed through: World Register of Marine Species at: http://www.marinespecies.org/aphia.php?p=taxdetails&id=140481 on 2020-01-16"
2273,3591,OTU_3622,High,10212,Eukaryota,Bryozoa,Gymnolaemata,Cheilostomatida,Bugulidae,Bugula,Bugula neritina,nonnative,111158,exact,Checked by Taxonomic Editor,Bugula neritina,111158,Bugula neritina,Animalia,Bryozoa,Gymnolaemata,Cheilostomatida,Bugulidae,Bugula,,neritina,,"Bock, P.; Gordon, D. (2020). World List of Bryozoa. Bugula neritina (Linnaeus, 1758). Accessed through: World Register of Marine Species at: http://www.marinespecies.org/aphia.php?p=taxdetails&id=111158 on 2020-01-16"
2301,3633,OTU_3664,High,216823,Eukaryota,Bacillariophyta,Coscinodiscophyceae,Thalassiosirales,Skeletonemataceae,Skeletonema,Skeletonema menzelii,,,,,,,,,,,,,,,,,
2339,3691,OTU_3722,High,1226277,Eukaryota,Arthropoda,Hexanauplia,Sessilia,Tetraclitidae,Tetraclita,Tetraclita serrata,,,,,,,,,,,,,,,,,
2358,3716,OTU_3747,High,380003,Eukaryota,Mollusca,Gastropoda,Neogastropoda,Nassariidae,Nassarius,Nassarius kraussianus,,,,,,,,,,,,,,,,,
2359,3717,OTU_3748,High,1003790,Eukaryota,Chordata,Actinopteri,Lutjaniformes,Haemulidae,Pomadasys,Pomadasys commersonnii,,,,,,,,,,,,,,,,,
2372,3736,OTU_3767,High,164055,Eukaryota,Rhodophyta,Florideophyceae,Halymeniales,Halymeniaceae,Pachymenia,Pachymenia carnosa,,,,,,,,,,,,,,,,,
2447,3849,OTU_3881,High,119742,Eukaryota,Chordata,Actinopteri,Spariformes,Sparidae,Pterogymnus,Pterogymnus laniarius,,,,,,,,,,,,,,,,,
2484,3899,OTU_3931,High,698476,Eukaryota,,Phaeophyceae,Ectocarpales,Scytosiphonaceae,Endarachne,Endarachne binghamiae,native,146307,exact,Checked by Taxonomic Editor,Endarachne binghamiae,499665,Petalonia binghamiae,Chromista,Ochrophyta,Phaeophyceae,Ectocarpales,Scytosiphonaceae,Endarachne,,binghamiae,,"Guiry, M.D. & Guiry, G.M. (2019). AlgaeBase. World-wide electronic publication, National University of Ireland, Galway (taxonomic information republished from AlgaeBase with permission of M.D. Guiry). Endarachne binghamiae J.Agardh, 1896. Accessed through: World Register of Marine Species at: http://www.marinespecies.org/aphia.php?p=taxdetails&id=146307 on 2020-01-16"
2538,3987,OTU_4022,High,37520,Eukaryota,Cnidaria,Hydrozoa,Leptothecata,Campanulariidae,Obelia,Obelia dichotoma,nonnative,117386,exact,Checked by Taxonomic Editor,Obelia dichotoma,117386,Obelia dichotoma,Animalia,Cnidaria,Hydrozoa,Leptothecata,Campanulariidae,Obelia,,dichotoma,,"Schuchert, P. (2020). World Hydrozoa Database. Obelia dichotoma (Linnaeus, 1758). Accessed through: World Register of Marine Species at: http://marinespecies.org/aphia.php?p=taxdetails&id=117386 on 2020-01-16"
2547,399,OTU_404,High,756461,Eukaryota,Arthropoda,Hexanauplia,Sessilia,Balanidae,Balanus,Balanus trigonus,nonnative,106223,exact,Checked by Taxonomic Editor,Balanus trigonus,106223,Balanus trigonus,Animalia,Arthropoda,Hexanauplia,Sessilia,Balanidae,Balanus,,trigonus,,"WoRMS (2020). Balanus trigonus Darwin, 1854. Accessed at: http://marinespecies.org/aphia.php?p=taxdetails&id=106223 on 2020-01-16"
2549,4007,OTU_4042,High,1880939,Eukaryota,Annelida,Polychaeta,Spionida,Spionidae,Polydora,Polydora lingshuiensis,,,,,,,,,,,,,,,,,
2577,4046,OTU_4081,High,387435,Eukaryota,,Dinophyceae,Gymnodiniales,Kareniaceae,Takayama,Takayama acrotrocha,,,,,,,,,,,,,,,,,
2581,4052,OTU_4087,High,192963,Eukaryota,Arthropoda,Malacostraca,Isopoda,Cirolanidae,Bathynomus,Bathynomus giganteus,,,,,,,,,,,,,,,,,
2590,405,OTU_410,High,756461,Eukaryota,Arthropoda,Hexanauplia,Sessilia,Balanidae,Balanus,Balanus trigonus,nonnative,106223,exact,Checked by Taxonomic Editor,Balanus trigonus,106223,Balanus trigonus,Animalia,Arthropoda,Hexanauplia,Sessilia,Balanidae,Balanus,,trigonus,,"WoRMS (2020). Balanus trigonus Darwin, 1854. Accessed at: http://marinespecies.org/aphia.php?p=taxdetails&id=106223 on 2020-01-16"
2593,4069,OTU_4104,High,195081,Eukaryota,Chordata,Actinopteri,Blenniiformes,Blenniidae,Parablennius,Parablennius pilicornis,,,,,,,,,,,,,,,,,
2596,4074,OTU_4109,High,1562161,Eukaryota,Arthropoda,Hexanauplia,Sessilia,Balanidae,Perforatus,Perforatus perforatus,,,,,,,,,,,,,,,,,
2597,406,OTU_411,High,49249,Eukaryota,Bacillariophyta,Mediophyceae,Lithodesmiales,Lithodesmiaceae,Ditylum,Ditylum brightwellii,native,149023,exact,Edited by Database Management Team,Ditylum brightwellii,149023,Ditylum brightwellii,Chromista,Ochrophyta,Bacillariophyceae,Lithodesmiales,Lithodesmiaceae,Ditylum,,brightwellii,,"Kociolek, J.P.; Balasubramanian, K.; Blanco, S.; Coste, M.; Ector, L.; Liu, Y.; Kulikovskiy, M.; Lundholm, N.; Ludwig, T.; Potapova, M.; Rimet, F.; Sabbe, K.; Sala, S.; Sar, E.; Taylor, J.; Van de Vijver, B.; Wetzel, C.E.; Williams, D.M.; Witkowski, A.; Witkowski, J. (2020). DiatomBase. Ditylum brightwellii (T.West) Grunow, 1885. Accessed through: World Register of Marine Species at: http://marinespecies.org/aphia.php?p=taxdetails&id=149023 on 2020-01-16"
2608,4095,OTU_4131,High,190707,Eukaryota,,Phaeophyceae,Ectocarpales,Chordariaceae,Myrionema,Myrionema balticum,,,,,,,,,,,,,,,,,
2638,4148,OTU_4184,High,159643,Eukaryota,Mollusca,Gastropoda,,Planorbidae,Bulinus,Bulinus umbilicatus,,,,,,,,,,,,,,,,,
2639,4149,OTU_4185,High,2202240,Eukaryota,Rhodophyta,Florideophyceae,Ceramiales,Rhodomelaceae,Streblocladia,Streblocladia camptoclada,,,,,,,,,,,,,,,,,
2661,4186,OTU_4222,High,283780,Eukaryota,Annelida,Polychaeta,Sabellida,Serpulidae,Ficopomatus,Ficopomatus enigmaticus,nonnative,130988,exact,Checked by Taxonomic Editor,Ficopomatus enigmaticus,130988,Ficopomatus enigmaticus,Animalia,Annelida,Polychaeta,Sabellida,Serpulidae,Ficopomatus,,enigmaticus,,"Read, G.; Fauchald, K. (Ed.) (2020). World Polychaeta database. Ficopomatus enigmaticus (Fauvel, 1923). Accessed through: World Register of Marine Species at: http://www.marinespecies.org/aphia.php?p=taxdetails&id=130988 on 2020-01-16"
2670,4197,OTU_4233,High,173546,Eukaryota,Rhodophyta,Florideophyceae,Ceramiales,Rhodomelaceae,Polysiphonia,Polysiphonia virgata,,,,,,,,,,,,,,,,,
2698,4239,OTU_4275,High,401952,Eukaryota,Cnidaria,Hydrozoa,Leptothecata,Aglaopheniidae,Aglaophenia,Aglaophenia parvula,,,,,,,,,,,,,,,,,
2702,4244,OTU_4280,High,464653,Eukaryota,Rhodophyta,Florideophyceae,Corallinales,Corallinaceae,Cheilosporum,Cheilosporum cultratum,,,,,,,,,,,,,,,,,
2709,4256,OTU_4292,High,1320687,Eukaryota,Echinodermata,Crinoidea,Comatulida,Antedonidae,Annametra,Annametra occidentalis,,,,,,,,,,,,,,,,,
2718,4276,OTU_4312,High,87982,Eukaryota,Mollusca,Gastropoda,,Patellidae,Scutellastra,Scutellastra granularis,,,,,,,,,,,,,,,,,
2726,4293,OTU_4330,High,43926,Eukaryota,,Eustigmatophyceae,Eustigmatales,Monodopsidaceae,Nannochloropsis,Nannochloropsis granulata,,,,,,,,,,,,,,,,,
2739,4317,OTU_4354,High,39447,Eukaryota,,Dinophyceae,Gymnodiniales,Gymnodiniaceae,Gymnodinium,Gymnodinium catenatum,nonnative,109784,exact,Checked by Taxonomic Editor,Gymnodinium catenatum,109784,Gymnodinium catenatum,Chromista,Myzozoa,Dinophyceae,Gymnodiniales,Gymnodiniaceae,Gymnodinium,,catenatum,,"Guiry, M.D. & Guiry, G.M. (2020). AlgaeBase. World-wide electronic publication, National University of Ireland, Galway (taxonomic information republished from AlgaeBase with permission of M.D. Guiry). Gymnodinium catenatum H.W.Graham, 1943. Accessed through: World Register of Marine Species at: http://www.marinespecies.org/aphia.php?p=taxdetails&id=109784 on 2020-01-16"
2794,4394,OTU_4431,High,128124,Eukaryota,Cnidaria,Hydrozoa,Limnomedusae,Olindiidae,Craspedacusta,Craspedacusta sowerbii,,,,,,,,,,,,,,,,,
2805,4416,OTU_4453,High,1210411,Eukaryota,Annelida,Polychaeta,Phyllodocida,Polynoidae,Lepidonotus,Lepidonotus clava,,,,,,,,,,,,,,,,,
2934,4640,OTU_4687,High,1003754,Eukaryota,Chordata,Actinopteri,Mugiliformes,Mugilidae,Planiliza,Planiliza alata,,,,,,,,,,,,,,,,,
2935,463,OTU_469,High,299206,Eukaryota,,Katablepharidophyta,,Katablepharidaceae,Leucocryptos,Leucocryptos marina,,,,,,,,,,,,,,,,,
2973,470,OTU_476,High,7658,Eukaryota,Echinodermata,Echinoidea,Echinoida,Echinidae,Parechinus,Parechinus angulosus,,,,,,,,,,,,,,,,,
2997,474,OTU_480,High,216823,Eukaryota,Bacillariophyta,Coscinodiscophyceae,Thalassiosirales,Skeletonemataceae,Skeletonema,Skeletonema menzelii,,,,,,,,,,,,,,,,,
3023,4803,OTU_4852,High,2259400,Eukaryota,Porifera,Demospongiae,Poecilosclerida,,Iophon,Iophon methanophila,,,,,,,,,,,,,,,,,
3031,4814,OTU_4863,High,2116084,Eukaryota,Rhodophyta,Florideophyceae,Ceramiales,Ceramiaceae,Spermothamnion,Spermothamnion cymosum,uncertain,371529,exact,Checked by Taxonomic Editor,Spermothamnion cymosum,371529,Spermothamnion cymosum,Plantae,Rhodophyta,Florideophyceae,Ceramiales,Wrangeliaceae,Spermothamnion,,cymosum,,"Guiry, M.D. & Guiry, G.M. (2019). AlgaeBase. World-wide electronic publication, National University of Ireland, Galway (taxonomic information republished from AlgaeBase with permission of M.D. Guiry). Spermothamnion cymosum (Harvey) De Toni, 1903. Accessed through: World Register of Marine Species at: http://marinespecies.org/aphia.php?p=taxdetails&id=371529 on 2020-01-16"
3064,4881,OTU_4930,High,156133,Eukaryota,Chlorophyta,Palmophyllophyceae,Prasinococcales,Prasinococcaceae,Prasinoderma,Prasinoderma coloniale,,,,,,,,,,,,,,,,,
3065,4882,OTU_4931,High,36930,Eukaryota,Mollusca,Bivalvia,Ostreoida,Ostreidae,Saccostrea,Saccostrea cucullata,,,,,,,,,,,,,,,,,
3083,4913,OTU_4962,High,168635,Eukaryota,Chordata,Ascidiacea,Enterogona,Didemnidae,Diplosoma,Diplosoma listerianum,nonnative,103579,exact,Checked by Taxonomic Editor,Diplosoma listerianum,103579,Diplosoma listerianum,Animalia,Chordata,Ascidiacea,Aplousobranchia,Didemnidae,Diplosoma,,listerianum,,"Shenkar, N.; Gittenberger, A.; Lambert, G.; Rius, M.; Moreira da Rocha, R.; Swalla, B.J.; Turon, X. (2020). Ascidiacea World Database. Diplosoma listerianum (Milne Edwards, 1841). Accessed through: World Register of Marine Species at: http://www.marinespecies.org/aphia.php?p=taxdetails&id=103579 on 2020-01-16"
3087,4919,OTU_4968,High,2005786,Eukaryota,Rhodophyta,Florideophyceae,Gigartinales,Kallymeniaceae,Leniea,Leniea kylinii,,,,,,,,,,,,,,,,,
3105,4941,OTU_4992,High,336185,Eukaryota,Mollusca,Gastropoda,Trochida,Trochidae,Oxystele,Oxystele variegata,,,,,,,,,,,,,,,,,
3143,500,OTU_506,High,49249,Eukaryota,Bacillariophyta,Mediophyceae,Lithodesmiales,Lithodesmiaceae,Ditylum,Ditylum brightwellii,native,149023,exact,Edited by Database Management Team,Ditylum brightwellii,149023,Ditylum brightwellii,Chromista,Ochrophyta,Bacillariophyceae,Lithodesmiales,Lithodesmiaceae,Ditylum,,brightwellii,,"Kociolek, J.P.; Balasubramanian, K.; Blanco, S.; Coste, M.; Ector, L.; Liu, Y.; Kulikovskiy, M.; Lundholm, N.; Ludwig, T.; Potapova, M.; Rimet, F.; Sabbe, K.; Sala, S.; Sar, E.; Taylor, J.; Van de Vijver, B.; Wetzel, C.E.; Williams, D.M.; Witkowski, A.; Witkowski, J. (2020). DiatomBase. Ditylum brightwellii (T.West) Grunow, 1885. Accessed through: World Register of Marine Species at: http://marinespecies.org/aphia.php?p=taxdetails&id=149023 on 2020-01-16"
3144,5006,OTU_5060,High,573193,Eukaryota,Annelida,Polychaeta,Spionida,Spionidae,Boccardia,Boccardia proboscidea,native,327249,exact,Checked by Taxonomic Editor,Boccardia proboscidea,327249,Boccardia proboscidea,Animalia,Annelida,Polychaeta,Spionida,Spionidae,Boccardia,,proboscidea,,"Read, G.; Fauchald, K. (Ed.) (2020). World Polychaeta database. Boccardia proboscidea Hartman, 1940. Accessed through: World Register of Marine Species at: http://www.marinespecies.org/aphia.php?p=taxdetails&id=327249 on 2020-01-16"
3172,5049,OTU_5103,High,406007,Eukaryota,Mollusca,Gastropoda,Trochida,Turbinidae,Turbo,Turbo sarmaticus,,,,,,,,,,,,,,,,,
3186,5078,OTU_5132,High,2903,Eukaryota,,Haptophyceae,Isochrysidales,Noelaerhabdaceae,Emiliania,Emiliania huxleyi,,,,,,,,,,,,,,,,,
3190,5086,OTU_5140,High,717899,Eukaryota,Rhodophyta,Florideophyceae,Ceramiales,Rhodomelaceae,Polysiphonia,Polysiphonia schneideri,,,,,,,,,,,,,,,,,
3207,5120,OTU_5175,High,661990,Eukaryota,Cnidaria,Hydrozoa,Leptothecata,Campanulariidae,Eucheilota,Eucheilota maculata,,,,,,,,,,,,,,,,,
3222,5149,OTU_5204,High,744985,Bacteria,Proteobacteria,Alphaproteobacteria,Pelagibacterales,Pelagibacteraceae,,alpha proteobacterium HIMB59,,,,,,,,,,,,,,,,,
3235,5176,OTU_5231,High,1210411,Eukaryota,Annelida,Polychaeta,Phyllodocida,Polynoidae,Lepidonotus,Lepidonotus clava,,,,,,,,,,,,,,,,,
3251,5203,OTU_5258,High,401952,Eukaryota,Cnidaria,Hydrozoa,Leptothecata,Aglaopheniidae,Aglaophenia,Aglaophenia parvula,,,,,,,,,,,,,,,,,
3307,529,OTU_535,High,110520,Eukaryota,Arthropoda,Hexanauplia,Sessilia,Balanidae,Balanus,Balanus glandula,native,394848,exact,Checked by Taxonomic Editor,Balanus glandula,394848,Balanus glandula,Animalia,Arthropoda,Hexanauplia,Sessilia,Balanidae,Balanus,,glandula,,"WoRMS (2020). Balanus glandula Darwin, 1854. Accessed at: http://www.marinespecies.org/aphia.php?p=taxdetails&id=394848 on 2020-01-16"
3323,5325,OTU_5382,High,163232,Eukaryota,Porifera,Demospongiae,Suberitida,Halichondriidae,Halichondria,Halichondria okadai,,,,,,,,,,,,,,,,,
3329,5335,OTU_5393,High,146614,Eukaryota,Chordata,Aves,Pelecaniformes,Phalacrocoracidae,Phalacrocorax,Phalacrocorax capensis,,,,,,,,,,,,,,,,,
3337,535,OTU_541,High,89963,Eukaryota,,Dinophyceae,Peridiniales,Heterocapsaceae,Heterocapsa,Heterocapsa rotundata,,,,,,,,,,,,,,,,,
3389,545,OTU_551,High,223366,Eukaryota,Chordata,Ascidiacea,Enterogona,Ascidiidae,Ascidia,Ascidia ahodori,,,,,,,,,,,,,,,,,
3396,546,OTU_552,High,1545455,Eukaryota,,Synurophyceae,Ochromonadales,,Acrispumella,Acrispumella msimbaziensis,,,,,,,,,,,,,,,,,
3484,563,OTU_569,High,66468,Eukaryota,,Dinophyceae,Peridiniales,Heterocapsaceae,Heterocapsa,Heterocapsa triquetra,,,,,,,,,,,,,,,,,
3576,581,OTU_588,High,33659,Eukaryota,,Haptophyceae,Phaeocystales,Phaeocystaceae,Phaeocystis,Phaeocystis pouchetii,uncertain,115106,exact,Checked by Taxonomic Editor,Phaeocystis pouchetii,115106,Phaeocystis pouchetii,Chromista,Haptophyta,Prymnesiophyceae,Phaeocystales,Phaeocystaceae,Phaeocystis,,pouchetii,,"Guiry, M.D. & Guiry, G.M. (2020). AlgaeBase. World-wide electronic publication, National University of Ireland, Galway (taxonomic information republished from AlgaeBase with permission of M.D. Guiry). Phaeocystis pouchetii (Hariot) Lagerheim, 1896. Accessed through: World Register of Marine Species at: http://www.marinespecies.org/aphia.php?p=taxdetails&id=115106 on 2020-01-16"
3602,5868,OTU_5931,High,990617,Eukaryota,Chordata,Actinopteri,Blenniiformes,Blenniidae,Parablennius,Parablennius cornutus,,,,,,,,,,,,,,,,,
3621,591,OTU_598,High,756461,Eukaryota,Arthropoda,Hexanauplia,Sessilia,Balanidae,Balanus,Balanus trigonus,nonnative,106223,exact,Checked by Taxonomic Editor,Balanus trigonus,106223,Balanus trigonus,Animalia,Arthropoda,Hexanauplia,Sessilia,Balanidae,Balanus,,trigonus,,"WoRMS (2020). Balanus trigonus Darwin, 1854. Accessed at: http://marinespecies.org/aphia.php?p=taxdetails&id=106223 on 2020-01-16"
3627,5931,OTU_5996,High,89963,Eukaryota,,Dinophyceae,Peridiniales,Heterocapsaceae,Heterocapsa,Heterocapsa rotundata,,,,,,,,,,,,,,,,,
3630,6,OTU_6,High,298899,Eukaryota,Rhodophyta,Bangiophyceae,Bangiales,Bangiaceae,Porphyra,Porphyra capensis,,,,,,,,,,,,,,,,,
3642,5957,OTU_6023,High,458488,Eukaryota,Porifera,Demospongiae,Dendroceratida,Darwinellidae,Chelonaplysilla,Chelonaplysilla erecta,,,,,,,,,,,,,,,,,
3693,6082,OTU_6149,High,1262161,Eukaryota,Rhodophyta,Bangiophyceae,Bangiales,Bangiaceae,Pyropia,Pyropia haitanensis,,,,,,,,,,,,,,,,,
3694,608,OTU_615,High,1232801,Eukaryota,Arthropoda,Hexanauplia,Sessilia,Balanidae,Amphibalanus,Amphibalanus amphitrite,nonnative,421137,exact,Checked by Taxonomic Editor,Amphibalanus amphitrite,421137,Amphibalanus amphitrite,Animalia,Arthropoda,Hexanauplia,Sessilia,Balanidae,Amphibalanus,,amphitrite,,"WoRMS (2020). Amphibalanus amphitrite (Darwin, 1854). Accessed at: http://www.marinespecies.org/aphia.php?p=taxdetails&id=421137 on 2020-01-16"
3696,6085,OTU_6152,High,283909,Eukaryota,Annelida,Polychaeta,Capitellida,Capitellidae,Capitella,Capitella teleta,,,,,,,,,,,,,,,,,
3719,6121,OTU_6189,High,6087,Eukaryota,Cnidaria,Hydrozoa,Anthoathecata,Hydridae,Hydra,Hydra vulgaris,,,,,,,,,,,,,,,,,
3736,6156,OTU_6224,High,558755,Eukaryota,Bryozoa,Gymnolaemata,Cheilostomatida,Cryptosulidae,Cryptosula,Cryptosula pallasiana,nonnative,111343,exact,Checked by Taxonomic Editor,Cryptosula pallasiana,111343,Cryptosula pallasiana,Animalia,Bryozoa,Gymnolaemata,Cheilostomatida,Cryptosulidae,Cryptosula,,pallasiana,,"Bock, P.; Gordon, D. (2020). World List of Bryozoa. Cryptosula pallasiana (Moll, 1803). Accessed through: World Register of Marine Species at: http://marinespecies.org/aphia.php?p=taxdetails&id=111343 on 2020-01-16"
3751,6177,OTU_6245,High,385024,Eukaryota,Rhodophyta,Florideophyceae,Ceramiales,Rhodomelaceae,Acanthophora,Acanthophora spicifera,native,211768,exact,Checked by Taxonomic Editor,Acanthophora spicifera,211768,Acanthophora spicifera,Plantae,Rhodophyta,Florideophyceae,Ceramiales,Rhodomelaceae,Acanthophora,,spicifera,,"Guiry, M.D. & Guiry, G.M. (2020). AlgaeBase. World-wide electronic publication, National University of Ireland, Galway (taxonomic information republished from AlgaeBase with permission of M.D. Guiry). Acanthophora spicifera (M.Vahl) Børgesen, 1910. Accessed through: World Register of Marine Species at: http://www.marinespecies.org/aphia.php?p=taxdetails&id=211768 on 2020-01-16"
3768,63,OTU_63,High,41875,Eukaryota,Chlorophyta,Mamiellophyceae,Mamiellales,Bathycoccaceae,Bathycoccus,Bathycoccus prasinos,,,,,,,,,,,,,,,,,
3783,6267,OTU_6336,High,1928862,Eukaryota,Bryozoa,Gymnolaemata,Ctenostomatida,Vesiculariidae,Amathia,Amathia verticillata,uncertain,851581,exact,Checked by Taxonomic Editor,Amathia verticillata,851581,Amathia verticillata,Animalia,Bryozoa,Gymnolaemata,Ctenostomatida,Vesiculariidae,Amathia,,verticillata,,"Bock, P.; Gordon, D. (2019). World List of Bryozoa. Amathia verticillata (delle Chiaje, 1822). Accessed through: World Register of Marine Species at: http://www.marinespecies.org/aphia.php?p=taxdetails&id=851581 on 2020-01-16"
3785,627,OTU_634,High,33658,Eukaryota,,Haptophyceae,Phaeocystales,Phaeocystaceae,Phaeocystis,Phaeocystis globosa,,,,,,,,,,,,,,,,,
3787,628,OTU_635,High,223366,Eukaryota,Chordata,Ascidiacea,Enterogona,Ascidiidae,Ascidia,Ascidia ahodori,,,,,,,,,,,,,,,,,
3859,6464,OTU_6538,High,160068,Eukaryota,Chlorophyta,Trebouxiophyceae,Trebouxiales,Trebouxiaceae,Trebouxia,Trebouxia aggregata,,,,,,,,,,,,,,,,,
3867,6479,OTU_6553,High,1403498,Eukaryota,Rhodophyta,Florideophyceae,Acrochaetiales,Acrochaetiaceae,Acrochaetium,Acrochaetium luxurians,,,,,,,,,,,,,,,,,
3883,6507,OTU_6581,High,1403497,Eukaryota,Rhodophyta,Florideophyceae,Acrochaetiales,Acrochaetiaceae,Acrochaetium,Acrochaetium humile,,,,,,,,,,,,,,,,,
3910,6554,OTU_6630,High,193293,Eukaryota,Bryozoa,Gymnolaemata,Cheilostomatida,Watersiporidae,Watersipora,Watersipora subovoidea,,,,,,,,,,,,,,,,,
3918,6567,OTU_6643,High,260499,Eukaryota,Rhodophyta,Florideophyceae,Bonnemaisoniales,Bonnemaisoniaceae,Asparagopsis,Asparagopsis taxiformis,nonnative,144439,exact,Checked by Taxonomic Editor,Asparagopsis taxiformis,144439,Asparagopsis taxiformis,Plantae,Rhodophyta,Florideophyceae,Bonnemaisoniales,Bonnemaisoniaceae,Asparagopsis,,taxiformis,,"Guiry, M.D. & Guiry, G.M. (2020). AlgaeBase. World-wide electronic publication, National University of Ireland, Galway (taxonomic information republished from AlgaeBase with permission of M.D. Guiry). Asparagopsis taxiformis (Delile) Trevisan de Saint-Léon, 1845. Accessed through: World Register of Marine Species at: http://www.marinespecies.org/aphia.php?p=taxdetails&id=144439 on 2020-01-16"
3947,6645,OTU_6722,High,1256663,Eukaryota,Chordata,Ascidiacea,Stolidobranchia,Styelidae,Botrylloides,Botrylloides nigrum,native,215857,exact,Checked by Taxonomic Editor,Botrylloides nigrum,252289,Botrylloides niger,Animalia,Chordata,Ascidiacea,Stolidobranchia,Styelidae,Botrylloides,,nigrum,,"Shenkar, N.; Gittenberger, A.; Lambert, G.; Rius, M.; Moreira da Rocha, R.; Swalla, B.J.; Turon, X. (2020). Ascidiacea World Database. Botrylloides nigrum Herdman, 1886. Accessed through: World Register of Marine Species at: http://www.marinespecies.org/aphia.php?p=taxdetails&id=215857 on 2020-01-16"
3959,668,OTU_676,High,1232801,Eukaryota,Arthropoda,Hexanauplia,Sessilia,Balanidae,Amphibalanus,Amphibalanus amphitrite,nonnative,421137,exact,Checked by Taxonomic Editor,Amphibalanus amphitrite,421137,Amphibalanus amphitrite,Animalia,Arthropoda,Hexanauplia,Sessilia,Balanidae,Amphibalanus,,amphitrite,,"WoRMS (2020). Amphibalanus amphitrite (Darwin, 1854). Accessed at: http://www.marinespecies.org/aphia.php?p=taxdetails&id=421137 on 2020-01-16"
3971,671,OTU_679,High,756461,Eukaryota,Arthropoda,Hexanauplia,Sessilia,Balanidae,Balanus,Balanus trigonus,nonnative,106223,exact,Checked by Taxonomic Editor,Balanus trigonus,106223,Balanus trigonus,Animalia,Arthropoda,Hexanauplia,Sessilia,Balanidae,Balanus,,trigonus,,"WoRMS (2020). Balanus trigonus Darwin, 1854. Accessed at: http://marinespecies.org/aphia.php?p=taxdetails&id=106223 on 2020-01-16"
3992,6756,OTU_6834,High,439822,Eukaryota,Chordata,Ascidiacea,Stolidobranchia,Pyuridae,Microcosmus,Microcosmus squamiger,nonnative,236666,exact,Checked by Taxonomic Editor,Microcosmus squamiger,236666,Microcosmus squamiger,Animalia,Chordata,Ascidiacea,Stolidobranchia,Pyuridae,Microcosmus,,squamiger,,"Shenkar, N.; Gittenberger, A.; Lambert, G.; Rius, M.; Moreira da Rocha, R.; Swalla, B.J.; Turon, X. (2020). Ascidiacea World Database. Microcosmus squamiger Michaelsen, 1927. Accessed through: World Register of Marine Species at: http://www.marinespecies.org/aphia.php?p=taxdetails&id=236666 on 2020-01-16"
4000,6779,OTU_6858,High,400117,Eukaryota,Rhodophyta,Florideophyceae,Gigartinales,Gigartinaceae,Chondracanthus,Chondracanthus teedei,,,,,,,,,,,,,,,,,
4024,683,OTU_691,High,756461,Eukaryota,Arthropoda,Hexanauplia,Sessilia,Balanidae,Balanus,Balanus trigonus,nonnative,106223,exact,Checked by Taxonomic Editor,Balanus trigonus,106223,Balanus trigonus,Animalia,Arthropoda,Hexanauplia,Sessilia,Balanidae,Balanus,,trigonus,,"WoRMS (2020). Balanus trigonus Darwin, 1854. Accessed at: http://marinespecies.org/aphia.php?p=taxdetails&id=106223 on 2020-01-16"
4087,71,OTU_71,High,756461,Eukaryota,Arthropoda,Hexanauplia,Sessilia,Balanidae,Balanus,Balanus trigonus,nonnative,106223,exact,Checked by Taxonomic Editor,Balanus trigonus,106223,Balanus trigonus,Animalia,Arthropoda,Hexanauplia,Sessilia,Balanidae,Balanus,,trigonus,,"WoRMS (2020). Balanus trigonus Darwin, 1854. Accessed at: http://marinespecies.org/aphia.php?p=taxdetails&id=106223 on 2020-01-16"
4089,703,OTU_711,High,201964,Eukaryota,Chordata,Ascidiacea,Enterogona,Perophoridae,Perophora,Perophora viridis,uncertain,103761,exact,Checked by Taxonomic Editor,Perophora viridis,103761,Perophora viridis,Animalia,Chordata,Ascidiacea,Phlebobranchia,Perophoridae,Perophora,,viridis,,"Shenkar, N.; Gittenberger, A.; Lambert, G.; Rius, M.; Moreira da Rocha, R.; Swalla, B.J.; Turon, X. (2020). Ascidiacea World Database. Perophora viridis Verrill, 1871. Accessed through: World Register of Marine Species at: http://www.marinespecies.org/aphia.php?p=taxdetails&id=103761 on 2020-01-16"
4114,7091,OTU_7175,High,693640,Eukaryota,Chordata,Actinopteri,Mugiliformes,Mugilidae,Chelon,Chelon dumerili,,,,,,,,,,,,,,,,,
4145,718,OTU_726,High,51324,Eukaryota,Chlorophyta,Ulvophyceae,,,Oltmannsiellopsis,Oltmannsiellopsis viridis,,,,,,,,,,,,,,,,,
4174,726,OTU_734,High,1041512,Eukaryota,Bacillariophyta,Bacillariophyceae,Bacillariales,Bacillariaceae,Pseudo-nitzschia,Pseudo-nitzschia hasleana,,,,,,,,,,,,,,,,,
4177,7257,OTU_7347,High,6058,Eukaryota,Porifera,Demospongiae,Haplosclerida,Chalinidae,Haliclona,Haliclona oculata,,,,,,,,,,,,,,,,,
4187,730,OTU_738,High,1638924,Eukaryota,,Oomycetes,Olpidiopsidales,Olpidiopsidaceae,Olpidiopsis,Olpidiopsis feldmanni,,,,,,,,,,,,,,,,,
4195,732,OTU_740,High,58179,Eukaryota,Rhodophyta,Florideophyceae,Gelidiales,Gelidiaceae,Gelidium,Gelidium pristoides,,,,,,,,,,,,,,,,,
4226,741,OTU_749,High,1273208,Eukaryota,Mollusca,Gastropoda,Littorinimorpha,Assimineidae,Assiminea,Assiminea capensis,,,,,,,,,,,,,,,,,
4282,7510,OTU_7607,High,51294,Eukaryota,Annelida,Polychaeta,Capitellida,Capitellidae,Capitella,Capitella capitata,,,,,,,,,,,,,,,,,
4312,7612,OTU_7711,High,334896,Eukaryota,Chordata,Actinopteri,,Monodactylidae,Monodactylus,Monodactylus argenteus,,,,,,,,,,,,,,,,,
4377,7773,OTU_7875,High,265564,Eukaryota,Bacillariophyta,Coscinodiscophyceae,Thalassiosirales,Thalassiosiraceae,Thalassiosira,Thalassiosira punctigera,uncertain,148936,exact,Edited by Database Management Team,Thalassiosira punctigera,148941,Ethmodiscus punctiger,Chromista,Ochrophyta,Bacillariophyceae,Thalassiosirales,Thalassiosiraceae,Thalassiosira,,punctigera,,"Kociolek, J.P.; Balasubramanian, K.; Blanco, S.; Coste, M.; Ector, L.; Liu, Y.; Kulikovskiy, M.; Lundholm, N.; Ludwig, T.; Potapova, M.; Rimet, F.; Sabbe, K.; Sala, S.; Sar, E.; Taylor, J.; Van de Vijver, B.; Wetzel, C.E.; Williams, D.M.; Witkowski, A.; Witkowski, J. (2020). DiatomBase. Thalassiosira punctigera (Castracane) Hasle, 1983. Accessed through: World Register of Marine Species at: http://www.marinespecies.org/aphia.php?p=taxdetails&id=148936 on 2020-01-16"
4384,79,OTU_79,High,41875,Eukaryota,Chlorophyta,Mamiellophyceae,Mamiellales,Bathycoccaceae,Bathycoccus,Bathycoccus prasinos,,,,,,,,,,,,,,,,,
4414,80,OTU_80,High,756461,Eukaryota,Arthropoda,Hexanauplia,Sessilia,Balanidae,Balanus,Balanus trigonus,nonnative,106223,exact,Checked by Taxonomic Editor,Balanus trigonus,106223,Balanus trigonus,Animalia,Arthropoda,Hexanauplia,Sessilia,Balanidae,Balanus,,trigonus,,"WoRMS (2020). Balanus trigonus Darwin, 1854. Accessed at: http://marinespecies.org/aphia.php?p=taxdetails&id=106223 on 2020-01-16"
4415,7900,OTU_8004,High,1262161,Eukaryota,Rhodophyta,Bangiophyceae,Bangiales,Bangiaceae,Pyropia,Pyropia haitanensis,,,,,,,,,,,,,,,,,
4453,806,OTU_814,High,7658,Eukaryota,Echinodermata,Echinoidea,Echinoida,Echinidae,Parechinus,Parechinus angulosus,,,,,,,,,,,,,,,,,
4460,8073,OTU_8180,High,159417,Eukaryota,Chordata,Ascidiacea,Enterogona,Clavelinidae,Clavelina,Clavelina lepadiformis,,103552,exact,Checked by Taxonomic Editor,Clavelina lepadiformis,103552,Clavelina lepadiformis,Animalia,Chordata,Ascidiacea,Aplousobranchia,Clavelinidae,Clavelina,,lepadiformis,,"Shenkar, N.; Gittenberger, A.; Lambert, G.; Rius, M.; Moreira da Rocha, R.; Swalla, B.J.; Turon, X. (2020). Ascidiacea World Database. Clavelina lepadiformis (Müller, 1776). Accessed through: World Register of Marine Species at: http://www.marinespecies.org/aphia.php?p=taxdetails&id=103552 on 2020-01-16"
4512,827,OTU_836,High,756461,Eukaryota,Arthropoda,Hexanauplia,Sessilia,Balanidae,Balanus,Balanus trigonus,nonnative,106223,exact,Checked by Taxonomic Editor,Balanus trigonus,106223,Balanus trigonus,Animalia,Arthropoda,Hexanauplia,Sessilia,Balanidae,Balanus,,trigonus,,"WoRMS (2020). Balanus trigonus Darwin, 1854. Accessed at: http://marinespecies.org/aphia.php?p=taxdetails&id=106223 on 2020-01-16"
4542,8365,OTU_8474,High,193293,Eukaryota,Bryozoa,Gymnolaemata,Cheilostomatida,Watersiporidae,Watersipora,Watersipora subovoidea,,,,,,,,,,,,,,,,,
4577,86,OTU_86,High,298899,Eukaryota,Rhodophyta,Bangiophyceae,Bangiales,Bangiaceae,Porphyra,Porphyra capensis,,,,,,,,,,,,,,,,,
4579,8494,OTU_8607,High,429038,Eukaryota,Arthropoda,Malacostraca,Amphipoda,Ischyroceridae,Jassa,Jassa slatteryi,nonnative,102438,exact,Checked by Taxonomic Editor,Jassa slatteryi,102438,Jassa slatteryi,Animalia,Arthropoda,Malacostraca,Amphipoda,Ischyroceridae,Jassa,,slatteryi,,"Horton, T.; Lowry, J.; De Broyer, C.; Bellan-Santini, D.; Coleman, C.O.; Corbari, L.; Costello, M.J.; Daneliya, M.; Dauvin, J.-C.; Fi_er, C.; Gasca, R.; Grabowski, M.; Guerra-García, J.M.; Hendrycks, E.; Hughes, L.; Jaume, D.; Jazdzewski, K.; Kim, Y.-H.; King, R.; Krapp-Schickel, T.; LeCroy, S.; Lörz, A.-N.; Mamos, T.; Senna, A.R.; Serejo, C.; Sket, B.; Souza-Filho, J.F.; Tandberg, A.H.; Thomas, J.D.; Thurston, M.; Vader, W.; Väinölä, R.; Vonk, R.; White, K.; Zeidler, W. (2020). World Amphipoda Database. Jassa slatteryi Conlan, 1990. Accessed through: World Register of Marine Species at: http://www.marinespecies.org/aphia.php?p=taxdetails&id=102438 on 2020-01-16"
4591,856,OTU_865,High,2069446,Eukaryota,Cnidaria,Anthozoa,Alcyonacea,Leptophytidae,Tenerodus,Tenerodus fallax,,,,,,,,,,,,,,,,,
4637,874,OTU_883,High,7658,Eukaryota,Echinodermata,Echinoidea,Echinoida,Echinidae,Parechinus,Parechinus angulosus,,,,,,,,,,,,,,,,,
4649,8753,OTU_8870,High,329479,Eukaryota,,Phaeophyceae,Ectocarpales,Chordariaceae,Spermatochnus,Spermatochnus paradoxus,,,,,,,,,,,,,,,,,
4660,8774,OTU_8891,High,29204,Eukaryota,Bacillariophyta,Coscinodiscophyceae,Thalassiosirales,Stephanodiscaceae,Cyclotella,Cyclotella cryptica,uncertain,148998,exact,Edited by Database Management Team,Cyclotella cryptica,148998,Cyclotella cryptica,Chromista,Ochrophyta,Bacillariophyceae,Thalassiosirales,Stephanodiscaceae,Cyclotella,,cryptica,,"Kociolek, J.P.; Balasubramanian, K.; Blanco, S.; Coste, M.; Ector, L.; Liu, Y.; Kulikovskiy, M.; Lundholm, N.; Ludwig, T.; Potapova, M.; Rimet, F.; Sabbe, K.; Sala, S.; Sar, E.; Taylor, J.; Van de Vijver, B.; Wetzel, C.E.; Williams, D.M.; Witkowski, A.; Witkowski, J. (2020). DiatomBase. Cyclotella cryptica Reimann, Lewin & Guillard, 1963. Accessed through: World Register of Marine Species at: http://www.marinespecies.org/aphia.php?p=taxdetails&id=148998 on 2020-01-16"
4673,885,OTU_894,High,348593,Eukaryota,Mollusca,Bivalvia,Ostreoida,Ostreidae,Ostrea,Ostrea stentina,nonnative,489077,exact,Checked by Taxonomic Editor,Ostrea stentina,489077,Ostrea stentina,Animalia,Mollusca,Bivalvia,Ostreida,Ostreidae,Ostrea,,stentina,,"MolluscaBase eds. (2020). MolluscaBase. Ostrea stentina Payraudeau, 1826. Accessed through: World Register of Marine Species at: http://marinespecies.org/aphia.php?p=taxdetails&id=489077 on 2020-01-16"
4677,886,OTU_895,High,252669,Eukaryota,Cnidaria,Hydrozoa,Leptothecata,Campanulariidae,Clytia,Clytia gracilis,,,,,,,,,,,,,,,,,
4877,9567,OTU_9696,High,193174,Eukaryota,Rhodophyta,Florideophyceae,Ceramiales,Ceramiaceae,Aglaothamnion,Aglaothamnion hookeri,,,,,,,,,,,,,,,,,
4880,962,OTU_971,High,193348,Eukaryota,Rhodophyta,Florideophyceae,Ceramiales,Ceramiaceae,Callithamnion,Callithamnion collabens,,,,,,,,,,,,,,,,,
4899,969,OTU_978,High,744985,Bacteria,Proteobacteria,Alphaproteobacteria,Pelagibacterales,Pelagibacteraceae,,alpha proteobacterium HIMB59,,,,,,,,,,,,,,,,,
4907,9663,OTU_9794,High,1927426,Eukaryota,Arthropoda,Hexanauplia,Poecilostomatoida,Corycaeidae,Ditrichocorycaeus,Ditrichocorycaeus andrewsi,,,,,,,,,,,,,,,,,
4938,9804,OTU_9937,High,197756,Eukaryota,Bacillariophyta,Bacillariophyceae,Naviculales,Naviculaceae,Haslea,Haslea pseudostrearia,,,,,,,,,,,,,,,,,