"","C1","C2","C3","C4","C5","C6","C7","C8","C9","NTC","PCR1","X","Kingdom","Phylum","Class","Order","Family","Genus","NA"
"OTU_1",0,3,129,0,0,0,0,0,0,10,0,NA,NA,NA,NA,NA,NA,NA,NA
"OTU_10",0,0,42,0,0,0,0,0,0,0,0,NA,NA,NA,NA,NA,NA,NA,NA
"OTU_10160",0,0,0,0,0,0,0,0,0,0,12,NA,NA,NA,NA,NA,NA,NA,NA
"OTU_1025",0,0,0,0,0,0,9,0,0,0,0,NA,NA,NA,NA,NA,NA,NA,NA
"OTU_10305",0,0,11,0,0,0,0,0,0,0,0,NA,NA,NA,NA,NA,NA,NA,NA
"OTU_10307",0,0,11,0,0,0,0,0,0,0,0,NA,NA,NA,NA,NA,NA,NA,NA
"OTU_10308",0,0,11,0,0,0,0,0,0,0,0,NA,NA,NA,NA,NA,NA,NA,NA
"OTU_10310",0,0,11,0,0,0,0,0,0,0,0,NA,NA,NA,NA,NA,NA,NA,NA
"OTU_10311",0,0,0,18,0,0,0,0,0,0,0,NA,NA,NA,NA,NA,NA,NA,NA
"OTU_10313",0,0,0,11,0,0,0,0,0,0,0,NA,NA,NA,NA,NA,NA,NA,NA
"OTU_10315",0,0,0,11,0,0,0,0,0,0,0,NA,NA,NA,NA,NA,NA,NA,NA
"OTU_10316",0,0,0,0,11,0,0,0,0,0,0,NA,NA,NA,NA,NA,NA,NA,NA
"OTU_10317",0,0,0,0,0,11,0,0,0,0,0,NA,NA,NA,NA,NA,NA,NA,NA
"OTU_10318",0,0,0,0,0,11,0,0,0,0,0,NA,NA,NA,NA,NA,NA,NA,NA
"OTU_10320",0,0,0,0,0,0,11,0,0,0,0,NA,NA,NA,NA,NA,NA,NA,NA
"OTU_10321",0,0,0,0,0,0,0,0,11,0,0,NA,NA,NA,NA,NA,NA,NA,NA
"OTU_1062",0,0,0,9,0,0,0,0,0,0,0,NA,NA,NA,NA,NA,NA,NA,NA
"OTU_10807",4,0,0,0,6,0,0,0,0,0,0,NA,NA,NA,NA,NA,NA,NA,NA
"OTU_10809",0,0,10,0,0,0,0,0,0,0,0,NA,NA,NA,NA,NA,NA,NA,NA
"OTU_10811",0,0,10,0,0,0,0,0,0,0,0,NA,NA,NA,NA,NA,NA,NA,NA
"OTU_10812",0,0,0,10,0,0,0,0,0,0,0,NA,NA,NA,NA,NA,NA,NA,NA
"OTU_10813",0,0,0,10,0,0,0,0,0,0,0,NA,NA,NA,NA,NA,NA,NA,NA
"OTU_10816",0,0,0,4,0,0,0,0,0,0,0,NA,NA,NA,NA,NA,NA,NA,NA
"OTU_10817",0,0,0,0,0,10,0,0,0,0,0,NA,NA,NA,NA,NA,NA,NA,NA
"OTU_10818",0,0,0,0,0,10,0,0,0,0,0,NA,NA,NA,NA,NA,NA,NA,NA
"OTU_109",0,0,4,0,0,0,0,0,0,0,0,NA,NA,NA,NA,NA,NA,NA,NA
"OTU_1096",0,0,310,13,0,0,0,0,0,0,0,NA,NA,NA,NA,NA,NA,NA,NA
"OTU_11",0,0,0,0,0,0,0,0,0,34,0,NA,NA,NA,NA,NA,NA,NA,NA
"OTU_1100",0,0,42,0,0,0,0,0,0,0,0,NA,NA,NA,NA,NA,NA,NA,NA
"OTU_1135",0,593,57,0,0,0,0,0,0,0,0,NA,NA,NA,NA,NA,NA,NA,NA
"OTU_11389",0,9,0,0,0,0,0,0,0,0,0,NA,NA,NA,NA,NA,NA,NA,NA
"OTU_11391",0,9,0,0,0,0,0,0,0,0,0,NA,NA,NA,NA,NA,NA,NA,NA
"OTU_11392",0,0,9,0,0,0,0,0,0,0,0,NA,NA,NA,NA,NA,NA,NA,NA
"OTU_11395",0,0,9,0,0,0,0,0,0,0,0,NA,NA,NA,NA,NA,NA,NA,NA
"OTU_11397",0,0,9,0,0,0,0,0,0,0,0,NA,NA,NA,NA,NA,NA,NA,NA
"OTU_11399",0,0,0,9,0,0,0,0,0,0,0,NA,NA,NA,NA,NA,NA,NA,NA
"OTU_11401",0,0,0,9,0,0,0,0,0,0,0,NA,NA,NA,NA,NA,NA,NA,NA
"OTU_11402",0,0,0,9,0,0,0,0,0,0,0,NA,NA,NA,NA,NA,NA,NA,NA
"OTU_11403",0,0,0,9,0,0,0,0,0,0,0,NA,NA,NA,NA,NA,NA,NA,NA
"OTU_11404",0,0,0,9,0,0,0,0,0,0,0,NA,NA,NA,NA,NA,NA,NA,NA
"OTU_11405",0,0,0,9,0,0,0,0,0,0,0,NA,NA,NA,NA,NA,NA,NA,NA
"OTU_11406",0,0,0,0,9,0,0,0,0,0,0,NA,NA,NA,NA,NA,NA,NA,NA
"OTU_11407",0,0,0,0,9,0,0,0,0,0,0,NA,NA,NA,NA,NA,NA,NA,NA
"OTU_11408",0,0,0,0,0,0,9,0,0,0,0,NA,NA,NA,NA,NA,NA,NA,NA
"OTU_11409",0,0,0,0,0,0,9,0,0,0,0,NA,NA,NA,NA,NA,NA,NA,NA
"OTU_11410",0,0,0,0,0,0,9,0,0,0,0,NA,NA,NA,NA,NA,NA,NA,NA
"OTU_11411",0,0,0,0,0,0,5,0,0,0,0,NA,NA,NA,NA,NA,NA,NA,NA
"OTU_12",4,0,0,0,0,0,0,0,0,5,0,NA,NA,NA,NA,NA,NA,NA,NA
"OTU_12011",0,8,0,0,0,0,0,0,0,0,0,NA,NA,NA,NA,NA,NA,NA,NA
"OTU_12012",0,8,0,0,0,0,0,0,0,0,0,NA,NA,NA,NA,NA,NA,NA,NA
"OTU_12016",0,0,8,0,0,0,0,0,0,0,0,NA,NA,NA,NA,NA,NA,NA,NA
"OTU_12017",0,0,8,0,0,0,0,0,0,0,0,NA,NA,NA,NA,NA,NA,NA,NA
"OTU_12020",0,0,8,0,0,0,0,0,0,0,0,NA,NA,NA,NA,NA,NA,NA,NA
"OTU_12022",0,0,8,0,0,0,0,0,0,0,0,NA,NA,NA,NA,NA,NA,NA,NA
"OTU_12024",0,0,8,0,0,0,0,0,0,0,0,NA,NA,NA,NA,NA,NA,NA,NA
"OTU_12025",0,0,8,0,0,0,0,0,0,0,0,NA,NA,NA,NA,NA,NA,NA,NA
"OTU_12027",0,0,8,0,0,0,0,0,0,0,0,NA,NA,NA,NA,NA,NA,NA,NA
"OTU_12028",0,0,0,8,0,0,0,0,0,0,0,NA,NA,NA,NA,NA,NA,NA,NA
"OTU_12029",0,0,0,15,0,0,0,0,0,0,0,NA,NA,NA,NA,NA,NA,NA,NA
"OTU_12030",0,0,0,8,0,0,0,0,0,0,0,NA,NA,NA,NA,NA,NA,NA,NA
"OTU_12031",0,0,0,8,0,0,0,0,0,0,0,NA,NA,NA,NA,NA,NA,NA,NA
"OTU_12032",0,0,0,8,0,0,0,0,0,0,0,NA,NA,NA,NA,NA,NA,NA,NA
"OTU_12033",0,0,0,0,8,0,0,0,0,0,0,NA,NA,NA,NA,NA,NA,NA,NA
"OTU_12034",0,0,0,0,0,8,0,0,0,0,0,NA,NA,NA,NA,NA,NA,NA,NA
"OTU_12035",0,0,0,0,0,0,8,0,0,0,0,NA,NA,NA,NA,NA,NA,NA,NA
"OTU_12036",0,0,0,0,0,0,8,0,0,0,0,NA,NA,NA,NA,NA,NA,NA,NA
"OTU_12037",0,0,0,0,0,0,8,0,0,0,0,NA,NA,NA,NA,NA,NA,NA,NA
"OTU_12038",0,0,0,0,0,0,8,0,0,0,0,NA,NA,NA,NA,NA,NA,NA,NA
"OTU_12039",0,0,0,0,0,0,0,0,8,0,0,NA,NA,NA,NA,NA,NA,NA,NA
"OTU_1219",0,0,0,0,0,0,7,0,0,0,0,NA,NA,NA,NA,NA,NA,NA,NA
"OTU_1221",0,145,80,211,0,0,66,0,0,0,0,NA,NA,NA,NA,NA,NA,NA,NA
"OTU_1223",0,81,77,363,0,0,0,0,0,0,0,NA,NA,NA,NA,NA,NA,NA,NA
"OTU_123",0,0,0,0,0,0,0,0,5,0,0,NA,NA,NA,NA,NA,NA,NA,NA
"OTU_1259",0,8,0,0,0,0,0,0,0,0,0,NA,NA,NA,NA,NA,NA,NA,NA
"OTU_12754",7,0,0,0,0,0,0,0,0,0,0,NA,NA,NA,NA,NA,NA,NA,NA
"OTU_12758",0,0,7,0,0,0,0,0,0,0,0,NA,NA,NA,NA,NA,NA,NA,NA
"OTU_12759",0,0,7,0,0,0,0,0,0,0,0,NA,NA,NA,NA,NA,NA,NA,NA
"OTU_12763",0,0,7,0,0,0,0,0,0,0,0,NA,NA,NA,NA,NA,NA,NA,NA
"OTU_12765",0,0,7,0,0,0,0,0,0,0,0,NA,NA,NA,NA,NA,NA,NA,NA
"OTU_12766",0,0,0,7,0,0,0,0,0,0,0,NA,NA,NA,NA,NA,NA,NA,NA
"OTU_12767",0,0,0,7,0,0,0,0,0,0,0,NA,NA,NA,NA,NA,NA,NA,NA
"OTU_12769",0,0,0,7,0,0,0,0,0,0,0,NA,NA,NA,NA,NA,NA,NA,NA
"OTU_12770",0,0,0,7,0,0,0,0,0,0,0,NA,NA,NA,NA,NA,NA,NA,NA
"OTU_12771",0,0,0,7,0,0,0,0,0,0,0,NA,NA,NA,NA,NA,NA,NA,NA
"OTU_12772",0,0,0,7,0,0,0,0,0,0,0,NA,NA,NA,NA,NA,NA,NA,NA
"OTU_12774",0,0,0,7,0,0,0,0,0,0,0,NA,NA,NA,NA,NA,NA,NA,NA
"OTU_12775",0,0,0,7,0,0,0,0,0,0,0,NA,NA,NA,NA,NA,NA,NA,NA
"OTU_12776",0,0,0,7,0,0,0,0,0,0,0,NA,NA,NA,NA,NA,NA,NA,NA
"OTU_12778",0,0,0,7,0,0,0,0,0,0,0,NA,NA,NA,NA,NA,NA,NA,NA
"OTU_12779",0,0,0,0,7,0,0,0,0,0,0,NA,NA,NA,NA,NA,NA,NA,NA
"OTU_12780",0,0,0,0,0,7,0,0,0,0,0,NA,NA,NA,NA,NA,NA,NA,NA
"OTU_12782",0,0,0,0,0,0,7,0,0,0,0,NA,NA,NA,NA,NA,NA,NA,NA
"OTU_12784",0,0,0,0,0,0,7,0,0,0,0,NA,NA,NA,NA,NA,NA,NA,NA
"OTU_12785",0,0,0,0,0,0,7,0,0,0,0,NA,NA,NA,NA,NA,NA,NA,NA
"OTU_12786",0,0,0,0,0,0,7,0,0,0,0,NA,NA,NA,NA,NA,NA,NA,NA
"OTU_12787",0,0,0,0,0,0,7,0,0,0,0,NA,NA,NA,NA,NA,NA,NA,NA
"OTU_12788",0,0,0,0,0,0,7,0,0,0,0,NA,NA,NA,NA,NA,NA,NA,NA
"OTU_12789",0,0,0,0,0,0,0,7,0,0,0,NA,NA,NA,NA,NA,NA,NA,NA
"OTU_12791",0,0,0,0,0,0,0,7,0,0,0,NA,NA,NA,NA,NA,NA,NA,NA
"OTU_12792",0,0,0,0,0,0,0,7,0,0,0,NA,NA,NA,NA,NA,NA,NA,NA
"OTU_1304",0,0,97,0,0,0,0,0,0,0,0,NA,NA,NA,NA,NA,NA,NA,NA
"OTU_1311",0,73,90,192,0,0,0,0,0,0,0,NA,NA,NA,NA,NA,NA,NA,NA
"OTU_1327",0,39,0,0,3,104,0,0,0,0,0,NA,NA,NA,NA,NA,NA,NA,NA
"OTU_1338",0,0,88,0,0,0,0,0,0,0,0,NA,NA,NA,NA,NA,NA,NA,NA
"OTU_1347",0,0,217,0,0,0,0,0,0,0,0,NA,NA,NA,NA,NA,NA,NA,NA
"OTU_13545",6,0,0,0,0,0,0,0,0,0,0,NA,NA,NA,NA,NA,NA,NA,NA
"OTU_13546",0,6,0,0,0,0,0,0,0,0,0,NA,NA,NA,NA,NA,NA,NA,NA
"OTU_13548",0,0,6,0,0,0,0,0,0,0,0,NA,NA,NA,NA,NA,NA,NA,NA
"OTU_13550",0,0,8,0,0,0,0,0,0,0,0,NA,NA,NA,NA,NA,NA,NA,NA
"OTU_13551",0,0,6,0,0,0,0,0,0,0,0,NA,NA,NA,NA,NA,NA,NA,NA
"OTU_13552",0,0,6,0,0,0,0,0,0,0,0,NA,NA,NA,NA,NA,NA,NA,NA
"OTU_13553",0,0,6,0,0,0,0,0,0,0,0,NA,NA,NA,NA,NA,NA,NA,NA
"OTU_13554",0,0,6,0,0,0,0,0,0,0,0,NA,NA,NA,NA,NA,NA,NA,NA
"OTU_13555",0,0,6,0,0,0,0,0,0,0,0,NA,NA,NA,NA,NA,NA,NA,NA
"OTU_13556",0,0,6,0,0,0,0,0,0,0,0,NA,NA,NA,NA,NA,NA,NA,NA
"OTU_13559",0,0,0,6,0,0,0,0,0,0,0,NA,NA,NA,NA,NA,NA,NA,NA
"OTU_13560",0,0,0,6,0,0,0,0,0,0,0,NA,NA,NA,NA,NA,NA,NA,NA
"OTU_13562",0,0,0,6,0,0,0,0,0,0,0,NA,NA,NA,NA,NA,NA,NA,NA
"OTU_13565",0,0,0,6,0,0,0,0,0,0,0,NA,NA,NA,NA,NA,NA,NA,NA
"OTU_13566",0,0,0,11,0,0,0,0,0,0,0,NA,NA,NA,NA,NA,NA,NA,NA
"OTU_13567",0,0,0,6,0,0,0,0,0,0,0,NA,NA,NA,NA,NA,NA,NA,NA
"OTU_13569",0,0,0,0,6,0,0,0,0,0,0,NA,NA,NA,NA,NA,NA,NA,NA
"OTU_13570",0,0,0,0,6,0,0,0,0,0,0,NA,NA,NA,NA,NA,NA,NA,NA
"OTU_13571",0,0,0,0,6,0,0,0,0,0,0,NA,NA,NA,NA,NA,NA,NA,NA
"OTU_13572",0,0,0,0,0,0,0,6,0,0,0,NA,NA,NA,NA,NA,NA,NA,NA
"OTU_13573",0,0,0,0,0,0,0,6,0,0,0,NA,NA,NA,NA,NA,NA,NA,NA
"OTU_13574",0,0,0,0,0,0,0,0,6,0,0,NA,NA,NA,NA,NA,NA,NA,NA
"OTU_14",0,0,0,0,0,0,34,0,0,0,0,NA,NA,NA,NA,NA,NA,NA,NA
"OTU_1417",0,0,0,0,11,0,0,0,0,0,0,NA,NA,NA,NA,NA,NA,NA,NA
"OTU_14482",0,5,0,0,0,0,0,0,0,0,0,NA,NA,NA,NA,NA,NA,NA,NA
"OTU_14483",0,5,0,0,0,0,0,0,0,0,0,NA,NA,NA,NA,NA,NA,NA,NA
"OTU_14485",0,5,0,0,0,0,0,0,0,0,0,NA,NA,NA,NA,NA,NA,NA,NA
"OTU_14486",0,0,5,0,0,0,0,0,0,0,0,NA,NA,NA,NA,NA,NA,NA,NA
"OTU_14487",0,0,5,0,0,0,0,0,0,0,0,NA,NA,NA,NA,NA,NA,NA,NA
"OTU_14489",0,0,5,0,0,0,0,0,0,0,0,NA,NA,NA,NA,NA,NA,NA,NA
"OTU_14490",0,0,5,0,0,0,0,0,0,0,0,NA,NA,NA,NA,NA,NA,NA,NA
"OTU_14493",0,0,5,0,0,0,0,0,0,0,0,NA,NA,NA,NA,NA,NA,NA,NA
"OTU_14495",0,0,5,0,0,0,0,0,0,0,0,NA,NA,NA,NA,NA,NA,NA,NA
"OTU_14496",0,0,5,0,0,0,0,0,0,0,0,NA,NA,NA,NA,NA,NA,NA,NA
"OTU_14497",0,0,5,0,0,0,0,0,0,0,0,NA,NA,NA,NA,NA,NA,NA,NA
"OTU_14498",0,0,5,0,0,0,0,0,0,0,0,NA,NA,NA,NA,NA,NA,NA,NA
"OTU_14499",0,0,5,0,0,0,0,0,0,0,0,NA,NA,NA,NA,NA,NA,NA,NA
"OTU_14500",0,0,5,0,0,0,0,0,0,0,0,NA,NA,NA,NA,NA,NA,NA,NA
"OTU_14501",0,0,5,0,0,0,0,0,0,0,0,NA,NA,NA,NA,NA,NA,NA,NA
"OTU_14502",0,0,5,0,0,0,0,0,0,0,0,NA,NA,NA,NA,NA,NA,NA,NA
"OTU_14505",0,0,0,5,0,0,0,0,0,0,0,NA,NA,NA,NA,NA,NA,NA,NA
"OTU_14508",0,0,0,5,0,0,0,0,0,0,0,NA,NA,NA,NA,NA,NA,NA,NA
"OTU_14509",0,0,0,5,0,0,0,0,0,0,0,NA,NA,NA,NA,NA,NA,NA,NA
"OTU_14510",0,0,0,5,0,0,0,0,0,0,0,NA,NA,NA,NA,NA,NA,NA,NA
"OTU_14511",0,0,0,5,0,0,0,0,0,0,0,NA,NA,NA,NA,NA,NA,NA,NA
"OTU_14512",0,0,0,5,0,0,0,0,0,0,0,NA,NA,NA,NA,NA,NA,NA,NA
"OTU_14513",0,0,0,5,0,0,0,0,0,0,0,NA,NA,NA,NA,NA,NA,NA,NA
"OTU_14514",0,0,0,9,0,0,0,0,0,0,0,NA,NA,NA,NA,NA,NA,NA,NA
"OTU_14515",0,0,0,0,0,5,0,0,0,0,0,NA,NA,NA,NA,NA,NA,NA,NA
"OTU_14516",0,0,0,0,0,5,0,0,0,0,0,NA,NA,NA,NA,NA,NA,NA,NA
"OTU_14517",0,0,0,0,0,5,0,0,0,0,0,NA,NA,NA,NA,NA,NA,NA,NA
"OTU_14518",0,0,0,0,0,5,0,0,0,0,0,NA,NA,NA,NA,NA,NA,NA,NA
"OTU_14519",0,0,0,0,0,0,5,0,0,0,0,NA,NA,NA,NA,NA,NA,NA,NA
"OTU_14521",0,0,0,0,0,0,5,0,0,0,0,NA,NA,NA,NA,NA,NA,NA,NA
"OTU_14522",0,0,0,0,0,0,5,0,0,0,0,NA,NA,NA,NA,NA,NA,NA,NA
"OTU_14523",0,0,0,0,0,0,5,0,0,0,0,NA,NA,NA,NA,NA,NA,NA,NA
"OTU_14525",0,0,0,0,0,0,5,0,0,0,0,NA,NA,NA,NA,NA,NA,NA,NA
"OTU_14526",0,0,0,0,0,0,5,0,0,0,0,NA,NA,NA,NA,NA,NA,NA,NA
"OTU_14527",0,0,0,0,0,0,5,0,0,0,0,NA,NA,NA,NA,NA,NA,NA,NA
"OTU_14528",0,0,0,0,0,0,5,0,0,0,0,NA,NA,NA,NA,NA,NA,NA,NA
"OTU_14529",0,0,0,0,0,0,5,0,0,0,0,NA,NA,NA,NA,NA,NA,NA,NA
"OTU_1453",0,0,6,9,0,0,0,0,4,0,0,NA,NA,NA,NA,NA,NA,NA,NA
"OTU_14530",0,0,0,0,0,0,0,5,0,0,0,NA,NA,NA,NA,NA,NA,NA,NA
"OTU_1474",0,0,27,29,0,0,0,0,0,0,0,NA,NA,NA,NA,NA,NA,NA,NA
"OTU_15",0,0,151,0,0,0,0,0,0,0,0,NA,NA,NA,NA,NA,NA,NA,NA
"OTU_15181",0,0,0,0,0,0,0,0,0,0,5,NA,NA,NA,NA,NA,NA,NA,NA
"OTU_15481",4,0,0,0,0,0,0,0,0,0,0,NA,NA,NA,NA,NA,NA,NA,NA
"OTU_15482",0,4,0,0,0,0,0,0,0,0,0,NA,NA,NA,NA,NA,NA,NA,NA
"OTU_15483",0,4,0,0,0,0,0,0,0,0,0,NA,NA,NA,NA,NA,NA,NA,NA
"OTU_15484",0,4,0,0,0,0,0,0,0,0,0,NA,NA,NA,NA,NA,NA,NA,NA
"OTU_15485",0,0,4,0,0,0,0,0,0,0,0,NA,NA,NA,NA,NA,NA,NA,NA
"OTU_15486",0,0,4,0,0,0,0,0,0,0,0,NA,NA,NA,NA,NA,NA,NA,NA
"OTU_15487",0,0,4,0,0,0,0,0,0,0,0,NA,NA,NA,NA,NA,NA,NA,NA
"OTU_15488",0,0,4,0,0,0,0,0,0,0,0,NA,NA,NA,NA,NA,NA,NA,NA
"OTU_15489",0,0,4,0,0,0,0,0,0,0,0,NA,NA,NA,NA,NA,NA,NA,NA
"OTU_15490",0,0,4,0,0,0,0,0,0,0,0,NA,NA,NA,NA,NA,NA,NA,NA
"OTU_15491",0,0,4,0,0,0,0,0,0,0,0,NA,NA,NA,NA,NA,NA,NA,NA
"OTU_15493",0,0,4,0,0,0,0,0,0,0,0,NA,NA,NA,NA,NA,NA,NA,NA
"OTU_15494",0,0,0,4,0,0,0,0,0,0,0,NA,NA,NA,NA,NA,NA,NA,NA
"OTU_15496",0,0,0,4,0,0,0,0,0,0,0,NA,NA,NA,NA,NA,NA,NA,NA
"OTU_15497",0,0,0,4,0,0,0,0,0,0,0,NA,NA,NA,NA,NA,NA,NA,NA
"OTU_15498",0,0,0,4,0,0,0,0,0,0,0,NA,NA,NA,NA,NA,NA,NA,NA
"OTU_15500",0,0,0,0,0,0,4,0,0,0,0,NA,NA,NA,NA,NA,NA,NA,NA
"OTU_15501",0,0,0,0,0,0,4,0,0,0,0,NA,NA,NA,NA,NA,NA,NA,NA
"OTU_161",0,0,4,0,0,0,0,0,0,0,0,NA,NA,NA,NA,NA,NA,NA,NA
"OTU_16193",0,0,0,0,0,0,0,0,0,4,0,NA,NA,NA,NA,NA,NA,NA,NA
"OTU_16217",0,0,0,0,0,0,0,0,0,0,4,NA,NA,NA,NA,NA,NA,NA,NA
"OTU_165",0,0,17,0,0,0,0,0,0,0,0,NA,NA,NA,NA,NA,NA,NA,NA
"OTU_16570",3,0,0,0,0,0,0,0,0,0,0,NA,NA,NA,NA,NA,NA,NA,NA
"OTU_16571",0,0,3,0,0,0,0,0,0,0,0,NA,NA,NA,NA,NA,NA,NA,NA
"OTU_16572",0,0,3,0,0,0,0,0,0,0,0,NA,NA,NA,NA,NA,NA,NA,NA
"OTU_16573",0,0,3,0,0,0,0,0,0,0,0,NA,NA,NA,NA,NA,NA,NA,NA
"OTU_16574",0,0,3,0,0,0,0,0,0,0,0,NA,NA,NA,NA,NA,NA,NA,NA
"OTU_16576",0,0,0,3,0,0,0,0,0,0,0,NA,NA,NA,NA,NA,NA,NA,NA
"OTU_16577",0,0,0,3,0,0,0,0,0,0,0,NA,NA,NA,NA,NA,NA,NA,NA
"OTU_16578",0,0,0,3,0,0,0,0,0,0,0,NA,NA,NA,NA,NA,NA,NA,NA
"OTU_16579",0,0,0,3,0,0,0,0,0,0,0,NA,NA,NA,NA,NA,NA,NA,NA
"OTU_16580",0,0,0,3,0,0,0,0,0,0,0,NA,NA,NA,NA,NA,NA,NA,NA
"OTU_16583",0,0,0,0,0,3,0,0,0,0,0,NA,NA,NA,NA,NA,NA,NA,NA
"OTU_1701",0,0,0,0,161,0,0,0,0,0,0,NA,NA,NA,NA,NA,NA,NA,NA
"OTU_1718",0,278,0,0,0,0,0,0,0,0,0,NA,NA,NA,NA,NA,NA,NA,NA
"OTU_173",2,0,0,0,0,0,0,0,0,0,0,NA,NA,NA,NA,NA,NA,NA,NA
"OTU_17722",0,2,0,0,0,0,0,0,0,0,0,NA,NA,NA,NA,NA,NA,NA,NA
"OTU_17724",0,0,2,0,0,0,0,0,0,0,0,NA,NA,NA,NA,NA,NA,NA,NA
"OTU_17726",0,0,2,0,0,0,0,0,0,0,0,NA,NA,NA,NA,NA,NA,NA,NA
"OTU_17728",0,0,0,2,0,0,0,0,0,0,0,NA,NA,NA,NA,NA,NA,NA,NA
"OTU_17729",0,0,0,0,2,0,0,0,0,0,0,NA,NA,NA,NA,NA,NA,NA,NA
"OTU_17730",0,0,0,0,2,0,0,0,0,0,0,NA,NA,NA,NA,NA,NA,NA,NA
"OTU_17731",0,0,0,0,0,2,0,0,0,0,0,NA,NA,NA,NA,NA,NA,NA,NA
"OTU_17732",0,0,0,0,0,0,2,0,0,0,0,NA,NA,NA,NA,NA,NA,NA,NA
"OTU_1833",0,0,130,0,0,0,0,0,0,0,0,NA,NA,NA,NA,NA,NA,NA,NA
"OTU_1880",0,0,0,524,0,0,0,0,0,0,0,NA,NA,NA,NA,NA,NA,NA,NA
"OTU_19",0,6640,9041,97140,9337,5064,0,0,0,0,0,NA,NA,NA,NA,NA,NA,NA,NA
"OTU_190",0,0,12,0,0,0,0,0,0,0,0,NA,NA,NA,NA,NA,NA,NA,NA
"OTU_1925",0,0,0,237,20,0,0,0,0,0,0,NA,NA,NA,NA,NA,NA,NA,NA
"OTU_2",0,0,34,0,0,0,23,0,0,32,0,NA,NA,NA,NA,NA,NA,NA,NA
"OTU_2031",0,230,0,0,0,0,0,0,0,0,0,NA,NA,NA,NA,NA,NA,NA,NA
"OTU_2088",0,219,0,0,0,0,0,0,0,0,0,NA,NA,NA,NA,NA,NA,NA,NA
"OTU_2099",0,0,0,0,0,0,14,0,0,0,0,NA,NA,NA,NA,NA,NA,NA,NA
"OTU_2114",0,221,0,0,0,0,0,0,0,0,0,NA,NA,NA,NA,NA,NA,NA,NA
"OTU_2153",0,0,15,63,0,0,0,0,0,0,0,NA,NA,NA,NA,NA,NA,NA,NA
"OTU_219",9,0,0,0,0,0,0,0,0,0,0,NA,NA,NA,NA,NA,NA,NA,NA
"OTU_2196",0,0,0,25,0,0,0,0,0,0,0,NA,NA,NA,NA,NA,NA,NA,NA
"OTU_22",0,0,0,9,0,0,0,0,0,13,0,NA,NA,NA,NA,NA,NA,NA,NA
"OTU_221",0,1025,0,0,5296,2169,0,0,0,29,0,NA,NA,NA,NA,NA,NA,NA,NA
"OTU_2258",0,0,0,0,0,0,23,0,0,0,0,NA,NA,NA,NA,NA,NA,NA,NA
"OTU_228",0,0,0,31,0,0,0,0,0,0,0,NA,NA,NA,NA,NA,NA,NA,NA
"OTU_2329",0,0,0,167,0,0,0,0,0,0,0,NA,NA,NA,NA,NA,NA,NA,NA
"OTU_2388",0,160,0,8,0,0,0,0,0,0,0,NA,NA,NA,NA,NA,NA,NA,NA
"OTU_24",0,0,0,0,0,0,0,0,0,8,0,NA,NA,NA,NA,NA,NA,NA,NA
"OTU_240",0,0,6,0,0,0,0,0,0,0,0,NA,NA,NA,NA,NA,NA,NA,NA
"OTU_248",0,0,0,0,0,0,0,0,0,10,0,NA,NA,NA,NA,NA,NA,NA,NA
"OTU_2485",0,0,42,0,0,0,0,0,0,0,0,NA,NA,NA,NA,NA,NA,NA,NA
"OTU_25",0,5,0,0,0,0,0,0,0,0,0,NA,NA,NA,NA,NA,NA,NA,NA
"OTU_2573",0,0,0,113,0,0,0,0,0,0,0,NA,NA,NA,NA,NA,NA,NA,NA
"OTU_26",0,0,0,0,0,0,0,0,0,0,3,NA,NA,NA,NA,NA,NA,NA,NA
"OTU_2643",0,0,0,20,0,0,0,0,0,0,0,NA,NA,NA,NA,NA,NA,NA,NA
"OTU_266",0,0,4,0,0,0,0,0,0,0,0,NA,NA,NA,NA,NA,NA,NA,NA
"OTU_2672",0,0,0,36,0,0,0,0,0,0,0,NA,NA,NA,NA,NA,NA,NA,NA
"OTU_27",0,0,49,0,0,0,0,0,0,0,0,NA,NA,NA,NA,NA,NA,NA,NA
"OTU_2780",0,0,0,9,0,0,0,0,0,0,0,NA,NA,NA,NA,NA,NA,NA,NA
"OTU_2801",0,0,56,0,0,0,0,0,0,0,0,NA,NA,NA,NA,NA,NA,NA,NA
"OTU_2802",0,0,9,117,0,0,0,0,0,0,0,NA,NA,NA,NA,NA,NA,NA,NA
"OTU_2803",0,0,0,17,0,0,0,0,0,0,0,NA,NA,NA,NA,NA,NA,NA,NA
"OTU_2828",0,6,70,43,0,0,0,0,0,0,0,NA,NA,NA,NA,NA,NA,NA,NA
"OTU_2868",0,0,26,0,0,0,0,0,0,0,0,NA,NA,NA,NA,NA,NA,NA,NA
"OTU_2869",0,0,0,0,0,0,0,102,0,0,0,NA,NA,NA,NA,NA,NA,NA,NA
"OTU_289",0,0,0,12,0,0,0,0,0,0,0,NA,NA,NA,NA,NA,NA,NA,NA
"OTU_290",0,0,0,0,0,0,0,0,0,5,0,NA,NA,NA,NA,NA,NA,NA,NA
"OTU_292",2,0,0,0,0,0,0,0,0,0,0,NA,NA,NA,NA,NA,NA,NA,NA
"OTU_2924",0,37,0,0,46,34,0,0,0,0,0,NA,NA,NA,NA,NA,NA,NA,NA
"OTU_293",0,0,0,0,0,0,0,0,0,6,0,NA,NA,NA,NA,NA,NA,NA,NA
"OTU_294",0,0,0,0,0,0,0,0,0,10,0,NA,NA,NA,NA,NA,NA,NA,NA
"OTU_2952",0,0,0,3,0,0,0,0,0,0,0,NA,NA,NA,NA,NA,NA,NA,NA
"OTU_2992",27,8,68,26,0,0,0,0,0,0,0,NA,NA,NA,NA,NA,NA,NA,NA
"OTU_3",0,0,62,0,0,0,40,0,0,10,0,NA,NA,NA,NA,NA,NA,NA,NA
"OTU_3016",0,0,83,0,0,0,0,0,0,0,0,NA,NA,NA,NA,NA,NA,NA,NA
"OTU_303",0,0,0,0,0,0,11,0,0,0,0,NA,NA,NA,NA,NA,NA,NA,NA
"OTU_3100",0,0,28,76,11,0,0,0,0,0,0,NA,NA,NA,NA,NA,NA,NA,NA
"OTU_313",0,0,4,0,0,0,0,0,0,0,0,NA,NA,NA,NA,NA,NA,NA,NA
"OTU_32",0,25,0,0,0,0,0,0,0,0,0,NA,NA,NA,NA,NA,NA,NA,NA
"OTU_3263",0,0,0,103,0,0,0,0,0,0,0,NA,NA,NA,NA,NA,NA,NA,NA
"OTU_329",0,0,8,0,0,0,0,0,0,0,0,NA,NA,NA,NA,NA,NA,NA,NA
"OTU_3294",0,0,27,43,0,22,0,0,0,0,0,NA,NA,NA,NA,NA,NA,NA,NA
"OTU_330",0,0,0,0,0,0,2,0,0,0,0,NA,NA,NA,NA,NA,NA,NA,NA
"OTU_3411",0,0,0,86,0,0,0,0,0,0,0,NA,NA,NA,NA,NA,NA,NA,NA
"OTU_3412",0,0,0,0,86,0,0,0,0,0,0,NA,NA,NA,NA,NA,NA,NA,NA
"OTU_343",0,0,301,0,0,0,0,0,0,0,0,NA,NA,NA,NA,NA,NA,NA,NA
"OTU_3433",0,0,22,0,0,0,0,0,0,0,0,NA,NA,NA,NA,NA,NA,NA,NA
"OTU_3434",0,0,41,61,0,0,0,0,0,0,0,NA,NA,NA,NA,NA,NA,NA,NA
"OTU_3530",0,0,88,0,0,0,0,0,0,0,0,NA,NA,NA,NA,NA,NA,NA,NA
"OTU_3531",0,0,54,0,0,0,0,0,0,0,0,NA,NA,NA,NA,NA,NA,NA,NA
"OTU_3585",0,97,0,0,0,0,0,0,0,0,0,NA,NA,NA,NA,NA,NA,NA,NA
"OTU_36",0,0,0,0,0,0,0,0,0,0,3,NA,NA,NA,NA,NA,NA,NA,NA
"OTU_3636",0,0,0,0,0,0,76,0,0,0,0,NA,NA,NA,NA,NA,NA,NA,NA
"OTU_37",0,0,11,0,0,0,0,0,0,0,0,NA,NA,NA,NA,NA,NA,NA,NA
"OTU_3731",0,0,0,44,0,0,7,0,0,0,0,NA,NA,NA,NA,NA,NA,NA,NA
"OTU_3756",0,0,72,0,0,0,0,0,0,0,0,NA,NA,NA,NA,NA,NA,NA,NA
"OTU_379",0,0,0,0,0,0,9,0,0,0,0,NA,NA,NA,NA,NA,NA,NA,NA
"OTU_39",0,0,26,0,0,0,0,0,0,0,0,NA,NA,NA,NA,NA,NA,NA,NA
"OTU_3907",0,0,73,0,0,0,0,0,0,0,0,NA,NA,NA,NA,NA,NA,NA,NA
"OTU_3908",0,0,92,13,0,0,12,0,0,0,0,NA,NA,NA,NA,NA,NA,NA,NA
"OTU_3910",0,0,0,6,0,0,28,0,0,0,0,NA,NA,NA,NA,NA,NA,NA,NA
"OTU_3917",0,0,0,0,0,0,0,0,0,53,0,NA,NA,NA,NA,NA,NA,NA,NA
"OTU_3940",0,0,0,22,27,29,0,0,0,0,0,NA,NA,NA,NA,NA,NA,NA,NA
"OTU_4",0,10,0,0,0,0,0,0,0,84,0,NA,NA,NA,NA,NA,NA,NA,NA
"OTU_40",0,0,15,0,0,0,0,0,0,0,0,NA,NA,NA,NA,NA,NA,NA,NA
"OTU_404",0,12,21,207,0,0,0,0,0,0,0,NA,NA,NA,NA,NA,NA,NA,NA
"OTU_4094",0,0,40,0,0,0,0,0,0,45,0,NA,NA,NA,NA,NA,NA,NA,NA
"OTU_4136",0,0,96,4,0,0,0,0,0,0,0,NA,NA,NA,NA,NA,NA,NA,NA
"OTU_4137",0,0,0,0,0,82,0,0,0,0,0,NA,NA,NA,NA,NA,NA,NA,NA
"OTU_4179",20,0,0,0,0,3,20,6,10,0,0,NA,NA,NA,NA,NA,NA,NA,NA
"OTU_4180",0,0,0,132,0,0,0,0,0,0,0,NA,NA,NA,NA,NA,NA,NA,NA
"OTU_4181",0,0,0,38,12,9,0,0,0,0,0,NA,NA,NA,NA,NA,NA,NA,NA
"OTU_4182",0,0,0,0,0,20,0,0,0,0,0,NA,NA,NA,NA,NA,NA,NA,NA
"OTU_4218",0,4,0,8,0,0,32,0,0,0,0,NA,NA,NA,NA,NA,NA,NA,NA
"OTU_4325",0,0,55,0,0,0,0,0,0,0,0,NA,NA,NA,NA,NA,NA,NA,NA
"OTU_4326",0,0,0,37,0,0,0,0,0,0,0,NA,NA,NA,NA,NA,NA,NA,NA
"OTU_4416",0,22,0,31,0,0,0,0,0,0,0,NA,NA,NA,NA,NA,NA,NA,NA
"OTU_4417",0,0,53,0,0,0,0,0,0,0,0,NA,NA,NA,NA,NA,NA,NA,NA
"OTU_4418",0,0,0,25,0,0,0,0,0,0,0,NA,NA,NA,NA,NA,NA,NA,NA
"OTU_4459",0,0,60,0,0,0,0,0,0,0,0,NA,NA,NA,NA,NA,NA,NA,NA
"OTU_4460",0,0,17,0,0,0,0,0,0,0,0,NA,NA,NA,NA,NA,NA,NA,NA
"OTU_4489",0,0,0,0,0,0,0,0,0,52,0,NA,NA,NA,NA,NA,NA,NA,NA
"OTU_4507",0,0,0,2,0,0,0,0,0,0,0,NA,NA,NA,NA,NA,NA,NA,NA
"OTU_456",0,0,0,4,0,0,0,0,0,0,0,NA,NA,NA,NA,NA,NA,NA,NA
"OTU_4569",0,0,42,12,0,0,10,0,0,0,0,NA,NA,NA,NA,NA,NA,NA,NA
"OTU_4570",0,0,0,80,0,0,0,0,0,0,0,NA,NA,NA,NA,NA,NA,NA,NA
"OTU_46",0,0,3,0,0,0,0,0,0,0,0,NA,NA,NA,NA,NA,NA,NA,NA
"OTU_4628",0,11,0,0,0,0,0,0,0,0,0,NA,NA,NA,NA,NA,NA,NA,NA
"OTU_4629",0,0,0,21,0,0,0,0,0,0,0,NA,NA,NA,NA,NA,NA,NA,NA
"OTU_4732",0,0,0,0,0,0,0,17,0,0,0,NA,NA,NA,NA,NA,NA,NA,NA
"OTU_4798",0,0,0,46,0,0,0,0,0,0,0,NA,NA,NA,NA,NA,NA,NA,NA
"OTU_4853",0,0,45,0,0,0,0,0,0,0,0,NA,NA,NA,NA,NA,NA,NA,NA
"OTU_4854",0,0,45,0,0,0,0,0,0,0,0,NA,NA,NA,NA,NA,NA,NA,NA
"OTU_49",0,0,0,0,0,0,0,0,0,5,0,NA,NA,NA,NA,NA,NA,NA,NA
"OTU_4962",0,0,28,0,0,0,0,0,0,0,0,NA,NA,NA,NA,NA,NA,NA,NA
"OTU_5034",0,0,78,0,0,0,0,0,0,0,0,NA,NA,NA,NA,NA,NA,NA,NA
"OTU_5037",0,0,0,0,0,42,0,0,0,0,0,NA,NA,NA,NA,NA,NA,NA,NA
"OTU_51",0,0,7,0,0,0,0,0,0,0,0,NA,NA,NA,NA,NA,NA,NA,NA
"OTU_5152",0,40,0,0,0,0,0,0,0,0,0,NA,NA,NA,NA,NA,NA,NA,NA
"OTU_5154",0,0,40,0,0,0,0,0,0,0,0,NA,NA,NA,NA,NA,NA,NA,NA
"OTU_519",0,92,88,1082,0,0,0,0,0,89,0,NA,NA,NA,NA,NA,NA,NA,NA
"OTU_5223",0,39,0,0,0,0,0,0,0,0,0,NA,NA,NA,NA,NA,NA,NA,NA
"OTU_53",0,0,3,0,0,0,0,0,0,0,0,NA,NA,NA,NA,NA,NA,NA,NA
"OTU_5382",0,0,37,0,0,0,0,0,0,0,0,NA,NA,NA,NA,NA,NA,NA,NA
"OTU_5383",0,0,0,37,0,0,0,0,0,0,0,NA,NA,NA,NA,NA,NA,NA,NA
"OTU_54",0,0,0,0,0,0,58,0,0,0,0,NA,NA,NA,NA,NA,NA,NA,NA
"OTU_55",0,0,0,0,8,0,0,0,0,0,0,NA,NA,NA,NA,NA,NA,NA,NA
"OTU_5551",0,0,35,0,0,0,0,0,0,0,0,NA,NA,NA,NA,NA,NA,NA,NA
"OTU_56",0,0,51,0,0,0,0,0,0,0,0,NA,NA,NA,NA,NA,NA,NA,NA
"OTU_560",0,0,417,0,0,0,0,0,0,0,0,NA,NA,NA,NA,NA,NA,NA,NA
"OTU_5662",0,22,0,0,0,18,0,0,0,0,0,NA,NA,NA,NA,NA,NA,NA,NA
"OTU_5663",0,0,34,0,0,0,0,0,0,0,0,NA,NA,NA,NA,NA,NA,NA,NA
"OTU_5664",0,0,0,0,0,0,34,0,0,0,0,NA,NA,NA,NA,NA,NA,NA,NA
"OTU_5665",0,0,0,0,0,0,0,8,0,0,0,NA,NA,NA,NA,NA,NA,NA,NA
"OTU_5752",0,0,33,0,0,0,0,0,0,0,0,NA,NA,NA,NA,NA,NA,NA,NA
"OTU_5753",0,0,0,63,0,0,0,0,0,0,0,NA,NA,NA,NA,NA,NA,NA,NA
"OTU_5754",0,0,0,20,0,0,0,0,0,0,0,NA,NA,NA,NA,NA,NA,NA,NA
"OTU_5755",0,0,0,8,0,0,0,0,0,0,0,NA,NA,NA,NA,NA,NA,NA,NA
"OTU_5756",0,0,0,0,0,0,48,0,0,0,0,NA,NA,NA,NA,NA,NA,NA,NA
"OTU_5757",0,0,0,0,0,0,9,0,0,0,0,NA,NA,NA,NA,NA,NA,NA,NA
"OTU_579",0,0,168,0,0,0,0,0,0,0,0,NA,NA,NA,NA,NA,NA,NA,NA
"OTU_580",0,0,155,0,0,0,0,0,0,0,0,NA,NA,NA,NA,NA,NA,NA,NA
"OTU_5861",0,32,0,0,0,0,0,0,0,0,0,NA,NA,NA,NA,NA,NA,NA,NA
"OTU_5862",0,0,76,0,0,0,0,0,0,0,0,NA,NA,NA,NA,NA,NA,NA,NA
"OTU_5863",0,0,32,0,0,0,0,0,0,0,0,NA,NA,NA,NA,NA,NA,NA,NA
"OTU_5864",0,0,0,32,0,0,0,0,0,0,0,NA,NA,NA,NA,NA,NA,NA,NA
"OTU_5865",0,0,0,15,0,0,0,0,0,0,0,NA,NA,NA,NA,NA,NA,NA,NA
"OTU_5866",0,0,0,0,0,0,0,13,0,0,0,NA,NA,NA,NA,NA,NA,NA,NA
"OTU_5951",0,0,34,0,0,0,0,0,0,0,0,NA,NA,NA,NA,NA,NA,NA,NA
"OTU_5952",0,0,19,0,0,0,10,0,0,0,0,NA,NA,NA,NA,NA,NA,NA,NA
"OTU_5953",0,0,14,0,0,0,17,0,0,0,0,NA,NA,NA,NA,NA,NA,NA,NA
"OTU_5954",0,0,0,31,0,0,0,0,0,0,0,NA,NA,NA,NA,NA,NA,NA,NA
"OTU_5955",0,0,0,12,0,0,0,17,0,0,0,NA,NA,NA,NA,NA,NA,NA,NA
"OTU_6",0,0,68,0,0,0,0,0,0,0,0,NA,NA,NA,NA,NA,NA,NA,NA
"OTU_6061",0,0,0,0,0,0,0,13,0,0,0,NA,NA,NA,NA,NA,NA,NA,NA
"OTU_61",0,0,0,0,0,0,0,0,0,8,0,NA,NA,NA,NA,NA,NA,NA,NA
"OTU_6174",0,0,14,15,0,0,0,0,0,0,0,NA,NA,NA,NA,NA,NA,NA,NA
"OTU_6175",0,0,0,10,0,0,0,0,0,4,0,NA,NA,NA,NA,NA,NA,NA,NA
"OTU_627",0,0,0,6,0,0,0,0,0,0,0,NA,NA,NA,NA,NA,NA,NA,NA
"OTU_6290",0,0,28,0,0,0,0,0,0,0,0,NA,NA,NA,NA,NA,NA,NA,NA
"OTU_6292",0,0,4,0,0,0,0,0,0,0,0,NA,NA,NA,NA,NA,NA,NA,NA
"OTU_6293",0,0,0,28,0,0,0,0,0,0,0,NA,NA,NA,NA,NA,NA,NA,NA
"OTU_6294",0,0,0,0,12,16,0,0,0,0,0,NA,NA,NA,NA,NA,NA,NA,NA
"OTU_639",0,0,0,19,0,32,5,31,0,0,0,NA,NA,NA,NA,NA,NA,NA,NA
"OTU_6427",0,0,0,8,0,0,0,0,0,0,0,NA,NA,NA,NA,NA,NA,NA,NA
"OTU_6428",0,0,0,0,0,0,27,0,0,0,0,NA,NA,NA,NA,NA,NA,NA,NA
"OTU_6533",0,0,26,0,0,0,0,0,0,0,0,NA,NA,NA,NA,NA,NA,NA,NA
"OTU_6534",0,0,5,0,18,0,0,0,0,0,0,NA,NA,NA,NA,NA,NA,NA,NA
"OTU_66",0,0,0,0,0,0,0,0,0,22,0,NA,NA,NA,NA,NA,NA,NA,NA
"OTU_6649",25,0,0,0,0,0,0,0,0,0,0,NA,NA,NA,NA,NA,NA,NA,NA
"OTU_6650",0,25,0,0,0,0,0,0,0,0,0,NA,NA,NA,NA,NA,NA,NA,NA
"OTU_6651",0,0,71,0,0,0,0,0,0,0,0,NA,NA,NA,NA,NA,NA,NA,NA
"OTU_6652",0,0,37,0,0,0,0,0,0,0,0,NA,NA,NA,NA,NA,NA,NA,NA
"OTU_6653",0,0,25,0,0,0,0,0,0,0,0,NA,NA,NA,NA,NA,NA,NA,NA
"OTU_6654",0,0,0,2,0,0,0,0,0,0,0,NA,NA,NA,NA,NA,NA,NA,NA
"OTU_6655",0,0,0,0,0,0,25,0,0,0,0,NA,NA,NA,NA,NA,NA,NA,NA
"OTU_6656",0,0,0,0,0,0,25,0,0,0,0,NA,NA,NA,NA,NA,NA,NA,NA
"OTU_6657",0,0,0,0,0,0,11,0,0,0,0,NA,NA,NA,NA,NA,NA,NA,NA
"OTU_677",0,0,1149,0,0,0,0,0,0,0,0,NA,NA,NA,NA,NA,NA,NA,NA
"OTU_6795",0,0,0,0,0,0,41,0,0,0,0,NA,NA,NA,NA,NA,NA,NA,NA
"OTU_69",0,0,7,0,0,0,0,0,0,0,0,NA,NA,NA,NA,NA,NA,NA,NA
"OTU_6953",0,0,23,0,0,0,0,0,0,0,0,NA,NA,NA,NA,NA,NA,NA,NA
"OTU_7",0,0,22,0,0,0,0,0,0,0,0,NA,NA,NA,NA,NA,NA,NA,NA
"OTU_702",0,0,0,0,0,0,7,0,0,0,0,NA,NA,NA,NA,NA,NA,NA,NA
"OTU_703",0,14,0,0,0,0,0,0,0,0,0,NA,NA,NA,NA,NA,NA,NA,NA
"OTU_705",0,0,7,0,0,0,0,0,0,0,0,NA,NA,NA,NA,NA,NA,NA,NA
"OTU_7118",0,0,22,0,0,0,0,0,0,0,0,NA,NA,NA,NA,NA,NA,NA,NA
"OTU_7119",0,0,37,0,0,0,0,0,0,0,0,NA,NA,NA,NA,NA,NA,NA,NA
"OTU_7121",0,0,0,0,0,0,22,0,0,0,0,NA,NA,NA,NA,NA,NA,NA,NA
"OTU_7122",0,0,0,0,0,0,22,0,0,0,0,NA,NA,NA,NA,NA,NA,NA,NA
"OTU_7123",0,0,0,0,0,0,22,0,0,0,0,NA,NA,NA,NA,NA,NA,NA,NA
"OTU_715",0,0,0,5,0,0,0,0,0,0,0,NA,NA,NA,NA,NA,NA,NA,NA
"OTU_72",0,0,0,0,0,0,10,0,0,0,0,NA,NA,NA,NA,NA,NA,NA,NA
"OTU_726",0,149,689,652,0,0,0,0,0,0,0,NA,NA,NA,NA,NA,NA,NA,NA
"OTU_7289",7,0,0,24,0,0,0,0,0,0,0,NA,NA,NA,NA,NA,NA,NA,NA
"OTU_7290",0,21,0,0,0,0,0,0,0,0,0,NA,NA,NA,NA,NA,NA,NA,NA
"OTU_7291",0,21,0,0,0,0,0,0,0,0,0,NA,NA,NA,NA,NA,NA,NA,NA
"OTU_7292",0,0,31,0,0,0,0,0,0,0,0,NA,NA,NA,NA,NA,NA,NA,NA
"OTU_7293",0,0,0,21,0,0,0,0,0,0,0,NA,NA,NA,NA,NA,NA,NA,NA
"OTU_7294",0,0,0,21,0,0,0,0,0,0,0,NA,NA,NA,NA,NA,NA,NA,NA
"OTU_7295",0,0,0,0,0,0,21,0,0,0,0,NA,NA,NA,NA,NA,NA,NA,NA
"OTU_73",0,0,10,0,0,0,0,0,0,0,0,NA,NA,NA,NA,NA,NA,NA,NA
"OTU_7474",0,0,20,0,0,0,0,0,0,0,0,NA,NA,NA,NA,NA,NA,NA,NA
"OTU_7475",0,0,0,26,0,0,0,0,0,0,0,NA,NA,NA,NA,NA,NA,NA,NA
"OTU_7476",0,0,0,20,0,0,0,0,0,0,0,NA,NA,NA,NA,NA,NA,NA,NA
"OTU_7477",0,0,0,20,0,0,0,0,0,0,0,NA,NA,NA,NA,NA,NA,NA,NA
"OTU_7478",0,0,0,9,0,0,0,0,0,0,0,NA,NA,NA,NA,NA,NA,NA,NA
"OTU_7479",0,0,0,0,13,0,0,0,7,0,0,NA,NA,NA,NA,NA,NA,NA,NA
"OTU_7480",0,0,0,0,0,0,0,20,0,0,0,NA,NA,NA,NA,NA,NA,NA,NA
"OTU_7481",0,0,0,0,0,0,0,0,20,0,0,NA,NA,NA,NA,NA,NA,NA,NA
"OTU_75",0,0,0,0,0,0,41,0,0,0,0,NA,NA,NA,NA,NA,NA,NA,NA
"OTU_7681",0,0,35,0,0,0,0,0,0,0,0,NA,NA,NA,NA,NA,NA,NA,NA
"OTU_7682",0,0,23,0,0,0,0,0,0,0,0,NA,NA,NA,NA,NA,NA,NA,NA
"OTU_7683",0,0,0,19,0,0,0,0,0,0,0,NA,NA,NA,NA,NA,NA,NA,NA
"OTU_7684",0,0,0,0,0,0,19,0,0,0,0,NA,NA,NA,NA,NA,NA,NA,NA
"OTU_7901",0,0,18,0,0,0,0,0,0,0,0,NA,NA,NA,NA,NA,NA,NA,NA
"OTU_7902",0,0,35,0,0,0,0,0,0,0,0,NA,NA,NA,NA,NA,NA,NA,NA
"OTU_7903",0,0,25,7,0,0,0,0,0,0,0,NA,NA,NA,NA,NA,NA,NA,NA
"OTU_7904",0,0,7,0,0,0,0,0,0,0,0,NA,NA,NA,NA,NA,NA,NA,NA
"OTU_7905",0,0,0,18,0,0,0,0,0,0,0,NA,NA,NA,NA,NA,NA,NA,NA
"OTU_7908",0,0,0,18,0,0,0,0,0,0,0,NA,NA,NA,NA,NA,NA,NA,NA
"OTU_7909",0,0,0,4,0,0,0,0,0,0,0,NA,NA,NA,NA,NA,NA,NA,NA
"OTU_7910",0,0,0,0,0,0,18,0,0,0,0,NA,NA,NA,NA,NA,NA,NA,NA
"OTU_8",0,0,16,0,0,0,0,0,0,0,0,NA,NA,NA,NA,NA,NA,NA,NA
"OTU_812",0,1290,0,18,0,0,0,0,0,0,0,NA,NA,NA,NA,NA,NA,NA,NA
"OTU_8163",0,6,0,17,0,0,0,0,0,0,0,NA,NA,NA,NA,NA,NA,NA,NA
"OTU_8164",0,0,17,0,0,0,0,0,0,0,0,NA,NA,NA,NA,NA,NA,NA,NA
"OTU_8167",0,0,17,0,0,0,0,0,0,0,0,NA,NA,NA,NA,NA,NA,NA,NA
"OTU_8172",0,0,0,17,0,0,0,0,0,0,0,NA,NA,NA,NA,NA,NA,NA,NA
"OTU_8173",0,0,0,0,17,0,0,0,0,0,0,NA,NA,NA,NA,NA,NA,NA,NA
"OTU_8174",0,0,0,0,17,0,0,0,0,0,0,NA,NA,NA,NA,NA,NA,NA,NA
"OTU_8175",0,0,0,0,0,0,43,0,0,0,0,NA,NA,NA,NA,NA,NA,NA,NA
"OTU_8177",0,0,0,0,0,0,22,0,0,0,0,NA,NA,NA,NA,NA,NA,NA,NA
"OTU_8178",0,0,0,0,0,0,0,10,0,0,0,NA,NA,NA,NA,NA,NA,NA,NA
"OTU_836",0,0,0,1157,0,0,0,0,0,0,0,NA,NA,NA,NA,NA,NA,NA,NA
"OTU_84",0,0,17,0,0,0,0,0,0,0,0,NA,NA,NA,NA,NA,NA,NA,NA
"OTU_8430",16,0,0,0,0,0,0,0,0,0,0,NA,NA,NA,NA,NA,NA,NA,NA
"OTU_8431",16,0,0,0,0,0,0,0,0,0,0,NA,NA,NA,NA,NA,NA,NA,NA
"OTU_8432",0,0,16,0,0,0,0,0,0,0,0,NA,NA,NA,NA,NA,NA,NA,NA
"OTU_8434",0,0,7,9,0,0,0,0,0,0,0,NA,NA,NA,NA,NA,NA,NA,NA
"OTU_8436",0,0,0,16,0,0,0,0,0,0,0,NA,NA,NA,NA,NA,NA,NA,NA
"OTU_8437",0,0,0,26,0,0,0,0,0,0,0,NA,NA,NA,NA,NA,NA,NA,NA
"OTU_8438",0,0,0,16,0,0,0,0,0,0,0,NA,NA,NA,NA,NA,NA,NA,NA
"OTU_8439",0,0,0,0,16,0,0,0,0,0,0,NA,NA,NA,NA,NA,NA,NA,NA
"OTU_8440",0,0,0,0,0,0,16,0,0,0,0,NA,NA,NA,NA,NA,NA,NA,NA
"OTU_8441",0,0,0,0,0,0,16,0,0,0,0,NA,NA,NA,NA,NA,NA,NA,NA
"OTU_852",0,0,0,9,0,0,0,0,0,0,0,NA,NA,NA,NA,NA,NA,NA,NA
"OTU_8744",0,3,0,0,0,12,0,0,0,0,0,NA,NA,NA,NA,NA,NA,NA,NA
"OTU_8746",0,0,15,0,0,0,0,0,0,0,0,NA,NA,NA,NA,NA,NA,NA,NA
"OTU_8747",0,0,30,0,0,0,0,0,0,0,0,NA,NA,NA,NA,NA,NA,NA,NA
"OTU_8748",0,0,15,0,0,0,0,0,0,0,0,NA,NA,NA,NA,NA,NA,NA,NA
"OTU_8749",0,0,15,0,0,0,0,0,0,0,0,NA,NA,NA,NA,NA,NA,NA,NA
"OTU_8750",0,0,15,0,0,0,0,0,0,0,0,NA,NA,NA,NA,NA,NA,NA,NA
"OTU_8751",0,0,23,0,0,0,0,0,0,0,0,NA,NA,NA,NA,NA,NA,NA,NA
"OTU_8753",0,0,15,0,0,0,0,0,0,0,0,NA,NA,NA,NA,NA,NA,NA,NA
"OTU_8754",0,0,0,15,0,0,0,0,0,0,0,NA,NA,NA,NA,NA,NA,NA,NA
"OTU_8755",0,0,0,15,0,0,0,0,0,0,0,NA,NA,NA,NA,NA,NA,NA,NA
"OTU_8756",0,0,0,3,0,0,0,0,0,0,0,NA,NA,NA,NA,NA,NA,NA,NA
"OTU_8758",0,0,0,0,0,0,15,0,0,0,0,NA,NA,NA,NA,NA,NA,NA,NA
"OTU_8760",0,0,0,0,0,0,15,0,0,0,0,NA,NA,NA,NA,NA,NA,NA,NA
"OTU_8761",0,0,0,0,0,0,15,0,0,0,0,NA,NA,NA,NA,NA,NA,NA,NA
"OTU_891",0,0,7,0,0,0,0,0,0,0,0,NA,NA,NA,NA,NA,NA,NA,NA
"OTU_895",0,0,0,0,0,0,8,0,0,0,0,NA,NA,NA,NA,NA,NA,NA,NA
"OTU_91",0,0,46,0,0,0,0,0,0,0,0,NA,NA,NA,NA,NA,NA,NA,NA
"OTU_9100",0,14,0,0,0,0,0,0,0,0,0,NA,NA,NA,NA,NA,NA,NA,NA
"OTU_9101",0,14,0,0,0,0,0,0,0,0,0,NA,NA,NA,NA,NA,NA,NA,NA
"OTU_9102",0,14,0,0,0,0,0,0,0,0,0,NA,NA,NA,NA,NA,NA,NA,NA
"OTU_9103",0,0,14,0,0,0,0,0,0,0,0,NA,NA,NA,NA,NA,NA,NA,NA
"OTU_9104",0,0,26,0,0,0,0,0,0,0,0,NA,NA,NA,NA,NA,NA,NA,NA
"OTU_9105",0,0,14,0,0,0,0,0,0,0,0,NA,NA,NA,NA,NA,NA,NA,NA
"OTU_9106",0,0,14,0,0,0,0,0,0,0,0,NA,NA,NA,NA,NA,NA,NA,NA
"OTU_9107",0,0,14,0,0,0,0,0,0,0,0,NA,NA,NA,NA,NA,NA,NA,NA
"OTU_9108",0,0,14,0,0,0,0,0,0,0,0,NA,NA,NA,NA,NA,NA,NA,NA
"OTU_9110",0,0,0,14,0,0,0,0,0,0,0,NA,NA,NA,NA,NA,NA,NA,NA
"OTU_9111",0,0,0,14,0,0,0,0,0,0,0,NA,NA,NA,NA,NA,NA,NA,NA
"OTU_9112",0,0,0,17,0,0,0,0,0,0,0,NA,NA,NA,NA,NA,NA,NA,NA
"OTU_9113",0,0,0,14,0,0,0,0,0,0,0,NA,NA,NA,NA,NA,NA,NA,NA
"OTU_9114",0,0,0,0,9,0,0,0,0,0,0,NA,NA,NA,NA,NA,NA,NA,NA
"OTU_9115",0,0,0,0,0,0,14,0,0,0,0,NA,NA,NA,NA,NA,NA,NA,NA
"OTU_9116",0,0,0,0,0,0,14,0,0,0,0,NA,NA,NA,NA,NA,NA,NA,NA
"OTU_9117",0,0,0,0,0,0,18,0,0,0,0,NA,NA,NA,NA,NA,NA,NA,NA
"OTU_9118",0,0,0,0,0,0,14,0,0,0,0,NA,NA,NA,NA,NA,NA,NA,NA
"OTU_9119",0,0,0,0,0,0,0,14,0,0,0,NA,NA,NA,NA,NA,NA,NA,NA
"OTU_912",0,0,725,0,0,0,0,0,0,0,0,NA,NA,NA,NA,NA,NA,NA,NA
"OTU_920",0,0,0,29,0,0,0,0,0,0,0,NA,NA,NA,NA,NA,NA,NA,NA
"OTU_925",0,48,553,60,0,0,0,0,0,0,0,NA,NA,NA,NA,NA,NA,NA,NA
"OTU_93",0,0,0,0,0,0,0,0,0,3,0,NA,NA,NA,NA,NA,NA,NA,NA
"OTU_94",0,0,0,0,0,0,0,0,6,0,0,NA,NA,NA,NA,NA,NA,NA,NA
"OTU_9483",0,13,0,0,0,0,0,0,0,0,0,NA,NA,NA,NA,NA,NA,NA,NA
"OTU_9485",0,0,13,0,0,0,0,0,0,0,0,NA,NA,NA,NA,NA,NA,NA,NA
"OTU_9488",0,0,15,0,0,0,0,0,0,0,0,NA,NA,NA,NA,NA,NA,NA,NA
"OTU_9489",0,0,13,0,0,0,0,0,0,0,0,NA,NA,NA,NA,NA,NA,NA,NA
"OTU_949",0,0,0,0,0,0,7,0,0,0,0,NA,NA,NA,NA,NA,NA,NA,NA
"OTU_9490",0,0,19,0,0,0,0,0,0,0,0,NA,NA,NA,NA,NA,NA,NA,NA
"OTU_9491",0,0,13,0,0,0,0,0,0,0,0,NA,NA,NA,NA,NA,NA,NA,NA
"OTU_9493",0,0,0,0,13,0,0,0,0,0,0,NA,NA,NA,NA,NA,NA,NA,NA
"OTU_9494",0,0,0,0,13,0,0,0,0,0,0,NA,NA,NA,NA,NA,NA,NA,NA
"OTU_9495",0,0,0,0,0,13,0,0,0,0,0,NA,NA,NA,NA,NA,NA,NA,NA
"OTU_9496",0,0,0,0,0,0,13,0,0,0,0,NA,NA,NA,NA,NA,NA,NA,NA
"OTU_9497",0,0,0,0,0,0,13,0,0,0,0,NA,NA,NA,NA,NA,NA,NA,NA
"OTU_9498",0,0,0,0,0,0,0,25,0,0,0,NA,NA,NA,NA,NA,NA,NA,NA
"OTU_95",0,0,0,9,0,0,0,0,0,0,0,NA,NA,NA,NA,NA,NA,NA,NA
"OTU_9876",0,12,0,0,0,0,0,0,0,0,0,NA,NA,NA,NA,NA,NA,NA,NA
"OTU_9877",0,0,12,0,0,0,0,0,0,0,0,NA,NA,NA,NA,NA,NA,NA,NA
"OTU_9878",0,0,12,0,0,0,0,0,0,0,0,NA,NA,NA,NA,NA,NA,NA,NA
"OTU_9880",0,0,12,0,0,0,0,0,0,0,0,NA,NA,NA,NA,NA,NA,NA,NA
"OTU_9882",0,0,0,12,0,0,0,0,0,0,0,NA,NA,NA,NA,NA,NA,NA,NA
"OTU_9883",0,0,0,12,0,0,0,0,0,0,0,NA,NA,NA,NA,NA,NA,NA,NA
"OTU_9885",0,0,0,19,0,0,0,0,0,0,0,NA,NA,NA,NA,NA,NA,NA,NA
"OTU_9886",0,0,0,12,0,0,0,0,0,0,0,NA,NA,NA,NA,NA,NA,NA,NA
"OTU_9887",0,0,0,0,12,0,0,0,0,0,0,NA,NA,NA,NA,NA,NA,NA,NA
"OTU_9888",0,0,0,0,0,0,17,0,0,0,0,NA,NA,NA,NA,NA,NA,NA,NA
"OTU_9889",0,0,0,0,0,0,12,0,0,0,0,NA,NA,NA,NA,NA,NA,NA,NA
"OTU_9890",0,0,0,0,0,0,12,0,0,0,0,NA,NA,NA,NA,NA,NA,NA,NA
"OTU_9891",0,0,0,0,0,0,0,12,0,0,0,NA,NA,NA,NA,NA,NA,NA,NA
"OTU_999",40,28,10,112,33,0,61,152,0,0,0,NA,NA,NA,NA,NA,NA,NA,NA
